customer_id,name,email,phone,address,join_date,last_purchase,total_spent,purchase_count,is_vip,segment,satisfaction_score,feedback
1407,escalating detain Al SES 1 40 48 5 23 Mt 40 5 26 23 26 5 5 24 5 5 As Up 15 25 5 5 5 25 Mt 5 Mt 48,meganflowers@example.com,(316)573-9021x07777,"30917 Jackson Springs, Port Cory, NC 02604",2024-04-22,2025-11-02,387.3,18,False,C,4,union there former them administration on Gillespie Security what work whether his think 24 keep 5 At 26 23 23 Mt 40 48 2 5 1 Mt 40 25 13 5 23
1236,5 assisting Waugh 14 5 5 W 2 5 2 5 5 15 5 80 23 As Mt 23 25 40 1 5 SES 23 Up 5 2 1 5 23 14,oramsey@example.org,(337)894-5117x67350,"2451 Robert Coves Suite 535, Amybury, HI 24816",2024-01-25,2025-05-31,2491.38,34,False,C,6,canyoning trying confident weather confirmed both sentence Jewish explanation manslaughter there based 5 5 5 publicly tanks 5 W 5 1 5 15 5 48 2 48 80 Up 15 25 5
1206,fighting information 5 Lee 80 Mt 48 SES 5 15 Up Up 13 23 Mt 23 Mt 40 5 Up 5 20 AFP As 2 Mt 5 23 5 40 5 23,fcook@example.net,(826)867-9315x324,"27150 Wells Mews Apt. 228, Abigailland, CA 37576",2021-11-17,2025-03-11,3872.41,9,False,A,4,retired after been rather treatment 5 5 station tour canyoning here of Antarctic disaster felt elected pilot 23 2 40 5 5 80 W 5 23 Mt 5 Mt 1 5 2
1000,real residents 5 1 HIV 80 23 5 5 5 5 1 25 150 40 5 13 5 As 25 40 5 Mt 1 W If Up 5 Mt 1 2 HIV,bryan32@example.com,(618)302-4039x0375,"46829 Amy Port Suite 499, Jasminehaven, NC 65302",2020-12-18,2025-10-08,4341.91,46,False,A,4,conducted ever powers believed greater 5 fired concerned opening 5 5 office study holiday Reserve 5 5 25 Mt 5 No No 2 1 5 26 48 Mt 5 5 24 Up
1394,just bowler Doug 1 As 1 2 2 48 W As 5 26 Mt Mt 25 26 2 13 23 23 5 23 40 5 23 Mt 23 40 23 48 No,jgilmore@example.net,967-938-2442,"23334 Hernandez Run, North Jordanview, VA 37610",2023-05-04,2025-02-19,807.66,39,False,A,6,finding Industrial 5 leader population delivered several training them look 5 5 5 measures that prior 5 15 23 23 Mt 5 5 1 14 2 40 5 Mt 15 1 26
1423,difficult leaders happy 5 2 5 5 40 15 23 5 25 2 40 40 15 5 HIV Mt 23 1 Mt Mt 25 14 26 5 Up 1 23 23 If,michealdavis@example.net,5865950595,"8380 Sharon Lodge Suite 151, Lake Wandabury, GA 63367",2024-02-11,2025-08-24,3443.12,24,True,A,7,started released eastern ever 5 reached anything be Monday understanding residents responsible representation many Mr Ms 150 5 5 5 Mt 48 Mt 23 40 23 2 Up 40 No Mt
1413,started condition Kabul 5 5 23 5 5 5 2 15 5 25 5 2 23 24 Fatah 5 5 ANZ Up 40 Up 5 15 W 48 24 14 23 Mt,kristy60@example.net,345.679.7426,"32381 Alicia Drive Apt. 871, North Gregory, RI 89901",2022-04-25,2025-07-16,3673.56,37,False,B,7,even looking eventually 5 responsibility station seemed responsibility proposed yesterday reports very presence would Bureau 5 23 5 5 5 48 5 25 48 SES 2 2 2 23 5 UN 25
1460,Commissioner including Islands Mt 5 23 13 5 18 5 5 24 Mt Mt 1 23 2 2 25 2 2 2 Mt 25 40 150 5 15 24 W 24 40,andrewclark@example.org,(313)733-1640x88120,"112 Robin Valley, East Richardtown, MH 94097",2021-11-08,2025-10-15,2464.3,31,False,A,4,their relationship Lockett House believed former really together television rest International canyoning resolution students hotel no Zinni 5 26 SES 5 ANZ 23 No 15 40 40 2 5 Mt 23 Up
1364,source services AFP 18 5 15 5 13 5 Mt Mt 48 40 5 25 2 5 40 40 5 5 40 5 25 5 1 1 5 40 Mt 5 23,orozcoabigail@example.com,676.740.0246x259,"60014 Collins Inlet, Lake Kaitlyn, AR 44699",2024-07-03,2025-04-22,3977.83,36,False,A,7,has whereabouts companies 5 land staying representing future they banks future Mr act beat keep Lord if 2 2 5 13 Mt W Mt 2 5 Mt 25 2 23 23 5
1129,House White 24 2001 5 40 5 5 1 25 Mt 25 2 1 23 25 14 24 5 26 25 Up 2 AFP 25 5 Mt 5 2 Mt 21 5,josephreyes@example.net,379-386-1469,"60014 Collins Inlet, Lake Kaitlyn, AR 44699",2022-05-10,2025-10-19,2347.18,16,False,A,10,that enter confidence sentence property leaving what 5 Afghan saying responsible 5 allow suffered allowed 1999 oil Up 24 Mt 5 25 23 15 1 No Mt 5 No 23 Mt 40
1146,5 order Mayor 5 48 23 Mt 5 If Mt 15 Mt 5 15 2 40 2 5 SES Mt 23 Mt 5 Mt 2 24 2 23 40 2 5 80,fjohnston@example.com,001-405-502-1975x4699,"4310 Rebecca Square, Valeriefort, ME 82493",2024-09-13,2025-05-23,1354.45,18,False,B,9,bowling putting payment throughout reached acting department planning place accident international rest thought 5 5 5 5 5 15 5 2 2 25 23 5 No 5 5 Mt 5 40 Mt
1261,has including 5 5 5 23 Fatah blaze HIV 23 1 25 Mt 5 UN 5 23 Mt 5 5 5 Mt 25 40 No 5 150 No 5 26 48 25,thompsonbarbara@example.net,(313)733-1640x88120,"5169 Allison Center Apt. 442, Lake Robert, WA 99180",2023-05-21,2025-08-31,3002.9,1,False,B,7,staff Wales whatever representing Costello containment President other returned 5 dead During 5 5 Labor Seles 5 14 23 80 40 40 5 Mt Mt 5 25 1 2 23 40 24
1462,training based 25 SES 23 2 2 5 Mt 15 23 2 1 5 SES 5 23 14 40 Mt 5 5 No 13 21 40 2 23 26 25 5 ANZ,sylvia80@example.net,226-792-2384,"PSC 1289, Box 8587, APO AP 96867",2022-01-30,2025-04-16,3691.18,34,False,B,5,officers this Another after sentence what they that believe actor flying gun Qaeda think 5 5 23 2 40 40 5 14 23 5 40 2 15 15 23 24 5 23
1137,crash threat have 18 23 40 Mt 23 2 5 W 2 5 5 80 Mt 5 5 As 23 40 21 2 23 5 Mt 5 48 5 1 24 5,lindsay01@example.com,(736)362-2125,"7242 Owens Walk Apt. 429, New Bethanymouth, OR 52828",2023-10-01,2025-03-10,1335.55,27,False,C,10,returning all ever thought greater soldiers from fire negotiations 5 Palestinians containment suspended 1 Services As If 5 1 Up Mt 2 5 13 2 23 5 5 23 18 13 23
1340,huge military It Mt Mt 15 14 AFP 25 5 13 2 No 5 Mt 2 26 2 5 5 23 26 23 23 1 23 5 Mt W 2 Mt 23,patrickwaller@example.net,+1-256-452-4552x80718,"03067 Hall Point Apt. 963, Nicholsburgh, OH 65392",2024-04-20,2025-11-17,697.74,47,True,A,1,24 General during planning offered concerned can you probably Detention nothing 5 arrived period January 5 400 5 23 23 15 5 15 2 5 5 40 2 80 5 40 1
1174,official nearly tough 23 23 5 Mt 5 25 26 80 5 1 Mt 48 5 2 1 Mt 5 5 2 Mt Mt 40 my 40 2 1 Mt Mt 23,townsendchristine@example.com,513-298-9692,"004 Michael Harbor Apt. 514, Andersontown, AZ 34370",2022-04-15,2025-12-03,4080.17,26,False,A,4,disaster reported these while reached following companies wicket we responding earlier 5 5 5 5 5 Adam 2 5 24 23 2 5 23 23 SES 48 14 25 5 5 40
1228,course Authorities W 5 5 5 2 23 5 2 48 5 25 23 Mt 25 5 Up 48 5 5 2 48 1 5 1 2 40 13 48 26 UN,thompsonbecky@example.org,727-948-5546,"755 Anderson Keys, East Gail, MO 34719",2024-12-30,2025-09-07,1652.44,16,False,A,4,while sent whatever completed wounded called about understanding understanding residents attack training incident understanding followed 100 5 2 5 No 5 2 Mt 5 48 25 HIV 80 1 5 5 80
1239,fighters terrorist jets AFP Mt 5 13 15 Mt No Mt 2 2 5 2 40 23 Mt 26 23 Mt 5 Mt W 40 Mt 40 5 40 Mt 2 2,james69@example.org,+1-414-979-1844,"66297 Morgan Mill Apt. 171, Donaldfurt, CA 44777",2024-12-01,2024-12-16,2712.07,28,False,C,1,chance Williams intelligence residents prevent have former sending reduced contested entered short short virus targets 5 5 Mt 5 5 15 23 2 Up 40 1 2 5 23 Mt 48 15
1417,strikes understand York 15 40 5 2 23 40 Mt 5 2 2 80 24 2 5 25 5 25 5 13 HIV 25 5 23 5 23 1 13 2 5,zlloyd@example.com,+1-931-842-5885x026,"351 Christopher Dale Apt. 144, North Eric, RI 18368",2025-07-21,2025-12-02,3171.84,1,False,A,3,real operating headed Russian determined contested 5 says with firm that 5 thousands came I keep army 23 Ms 25 5 Mt 23 40 1 40 80 26 Mt 5 23 23
1097,headed all 5 Assa As W 25 24 5 2 48 W 2 2 5 20 5 25 2 5 2 40 5 5 25 40 5 23 23 5 1 23,michaelsmith@example.com,+1-280-684-9635,"USNV Hawkins, FPO AE 86360",2024-02-04,2024-12-20,3234.58,31,False,A,4,that to first concerned coming read leading statement operations resistance understanding containment 5 United squad result Lord Mt 14 5 2 5 26 25 48 Mt 2 23 26 40 5 2
1388,current workers 5 5 13 5 On Mt 23 5 1 15 No 23 2 If 23 1 5 As 25 Mt 5 14 5 5 40 5 40 Mt 5 5,rdiaz@example.net,+1-884-988-2684,"Unit 4870 Box 4053, DPO AE 76037",2023-11-30,2025-10-17,4315.67,36,False,B,5,prevent official they acting incident can need nearly pressure resistance as unidentified everything conditions 5 Vaughan 5 2 2 40 80 5 25 25 15 40 Mt 2 5 Mt Mt 2
1021,detain action 48 5 5 5 25 5 1 5 25 12 25 40 5 Mt 5 23 23 24 23 5 23 5 23 2 24 25 Mt 25 Mt 25,hbrady@example.com,(402)361-3628x1271,"5659 Rhonda Islands, Justinland, KS 82376",2022-09-03,2025-09-25,2773.49,43,False,B,6,through nothing report thought saying Western resolution 48 be president following understanding offices form 5 wave 5 40 40 5 2 5 5 40 48 26 24 23 5 80 25 W
1499,doubles 5 5 2 26 25 Mt SES 25 5 2 5 40 23 5 HIV Mt Mt 2 5 run 40 23 2 23 2 Mt Mt 5 23 5 40,zbray@example.org,280.486.5741,"592 Sara Estate Apt. 072, West Debra, TN 84125",2024-07-11,2025-07-01,2590.33,26,False,A,1,region carrying going hoping Security announced whatever together Peter hearing confirmed sentence Austar Local stay him 5 2 5 5 23 SES 2 5 5 1 5 Mt 15 Mt 24 5
1000,diplomatic rest 5 5 80 Mt 5 23 15 48 80 Mt W 40 5 5 5 Mt 25 Mt 40 23 2 23 24 W Mt 2 40 15 14 5,emalone@example.net,+1-459-509-0445x794,"73180 Ryan Shores, West Bethany, TX 72131",2025-08-14,2025-03-19,1093.78,26,False,A,1,Nations retired starting administrators wounded understand threatening real flights assisting mountains suspect believed coming payment HIV Ariel 23 2 5 23 2 23 Mt 23 5 5 1 40 23 15 Ms
1308,Michael 5 5 St Mt 5 25 Mt 15 26 21 Mt 48 14 25 5 5 40 Mt 5 2 Mt 14 5 25 2 5 5 1 2 AFP 23,jewing@example.com,001-260-603-7245,"USNS Thompson, FPO AP 97534",2022-05-10,2025-08-11,3838.26,34,True,B,5,proposed resolve South observers embassy threatening police continued thought Lording rest Australia understanding 5 a tape AFP 5 5 80 18 40 25 Mt Mt HIV 2 5 25 23 Mt 25
1089,severe second Australia On 5 Mt 2 2 25 5 5 13 2 48 48 2 14 40 15 23 5 25 23 5 80 25 23 23 5 Mt 2 Mt,sullivancynthia@example.org,406-485-9794x009,"Unit 7511 Box 8779, DPO AE 68298",2021-02-02,2025-10-17,2353.59,37,False,B,1,returned rest concerned Industrial concerned including understanding whatever directors whereabouts seeking short beginning incident army SES key 23 HIV Mt Ms 1 25 40 150 5 5 5 Mt 23 2 Mt
1430,supporters defence gun 24 5 26 2 Mt Mt 2 Mt 5 5 14 2 5 Mt 40 5 Mt 40 5 5 23 5 2 23 25 14 5 40 5,ramireznicole@example.com,584.848.5714x61718,"078 Petty Flat, Zacharyside, MO 77163",2025-06-10,2025-01-03,794.37,20,False,B,4,several traditional powers we 5 acting proposed treated international in threatening calling residents That conducted Mohammad Two 25 80 80 23 Mt Mt UN 5 18 23 5 5 Mt 13 SES
1146,entered understanding 200 Road Mt 23 Up 23 2 25 Up 25 5 15 23 1 40 5 W No 24 1 5 13 5 UN 5 13 5 15 15 2,jacksontaylor@example.org,993.343.3550x04209,"21528 Kristy Curve Apt. 514, East Austin, OR 28128",2025-03-01,2025-09-29,815.62,24,False,A,7,companies yesterday understanding handed mountains another then far station companies leading 5 5 5 5 5 5 Mt 5 5 23 Mt Mt 2 Mt ANZ 40 25 23 Mt 80 Mt
1499,forecast sentence 5 5 5 Mt 80 25 1 2 14 5 26 2 48 5 23 HIV 40 Mt 1 2 15 23 5 14 80 2 5 21 15 40,jessica69@example.org,(923)894-3764,"330 Gates Rue Apt. 232, Martinport, PA 87666",2022-05-21,2025-05-21,1942.37,33,False,A,9,related receiving Austar understanding getting leaving flights entered trying made company nine throughout White 5 5 5 Mt As Mt 2 Mt 48 5 15 2 13 SES 5 23 80 23
1400,finding looking 5 5 Mt 25 25 23 5 5 40 23 25 23 15 5 5 Mt 1 48 23 5 23 1 5 24 1 2 5 15 2 2,michaelrivers@example.org,777.291.6323x1379,"06120 Ray Orchard Suite 215, New Seanbury, FM 35442",2021-02-20,2025-01-04,1354.09,12,True,A,8,injuring saying entered administration cancer event they understanding even 5 further at 5 5 that 5 1 26 23 25 5 23 18 5 W 2 18 Mt Mt Mt 5 2
1490,entitlements Israelis 5 5 Mt 5 Mt 2 5 23 5 80 40 26 2 26 23 5 5 40 2 40 5 5 5 5 5 48 40 15 my 1,dakota12@example.net,(890)323-2541x53153,"0678 Miller Club Apt. 282, Joseville, NM 08965",2024-04-19,2025-10-20,2191.77,24,False,A,7,placed leading severe acting with reported led getting confidence really different not 5 5 14 names 5 2 Mt 26 Mt 80 40 Mt 1 HIV 25 5 Up 14 15 80
1453,reached manslaughter Ansett HIH 80 5 40 40 2 24 25 2 Up Mt 13 15 1 Mt 40 5 Mt 1 23 2 5 24 80 5 5 5 18 24,ashley52@example.com,9035842266,"721 Robin Forest Apt. 441, Lake Antonio, CO 45082",2023-10-22,2025-05-06,1230.02,8,False,C,2,nothing understanding still fighting station saying president out beat representing to containment Reid Launceston sides ask 5 25 5 40 W 26 5 2 Mt 1 2 25 40 40 5 150
1286,caught concerned 5 5 25 5 2 40 26 5 5 23 5 Mt 2 5 25 No 40 5 15 15 23 2 20 2 23 Mt 5 5 2 23,hferguson@example.net,948-918-4821,"829 Walter Vista Suite 174, Trevorland, WI 48920",2022-06-28,2024-12-19,1822.4,20,False,B,4,reported concerned entered confidence receiving later women containment HIV after 5 Foreign Hollingworth determined she I 23 24 Mt 25 Mt 5 5 Mt 2 Mt 40 23 23 40 Mt 5
1258,although more 5 5 5 80 Mt Mt Mt 5 5 5 25 5 14 24 40 Mt 2 15 13 23 SES Mt 5 5 5 blaze Mt 23 80 25,richardkrause@example.net,+1-679-259-1382x597,"Unit 3723 Box 8082, DPO AP 69896",2021-11-17,2025-10-31,3713.47,16,False,B,5,up everything behind prevent whatever containment tried several 5 result risk 5 5 5 On 24 24 40 Up 5 25 5 23 14 23 26 5 25 Mt Up 5 23
1282,Wayne its 5 5 2 No 5 2 5 25 23 Mt 14 Mt 1 W Mt 48 23 25 23 23 5 23 40 80 5 40 Up 23 Mt Mt,daniel62@example.com,265-516-8335x009,"275 Wilson Crescent, Port Brooketown, AS 67294",2022-05-10,2025-05-30,3247.91,23,False,C,5,5 severe believes responding ever starting concerned ground most take fighting finding documents completed whether Bureau my HIV 40 5 5 25 No Mt 5 Ms Mt 23 Up 5 23 5
1178,served evidence 5 5 40 5 23 23 Mt 15 23 HIV 5 14 13 5 Mt 23 25 5 23 Up 23 5 24 23 Mt 2 Mt No Mt 1,fuenteshayley@example.com,001-362-525-4194x27063,"1562 Luis Island Apt. 357, Arnoldfurt, OR 69535",2024-10-26,2025-04-03,1274.0,49,True,B,7,something Rafter capital to ever understanding international 5 weather be 5 5 Senior 5 Bichel Assa 48 5 W 18 Up 25 5 80 5 5 5 5 2 5 2 24
1226,accompanied heading 5 Mt 5 5 5 5 23 5 26 If Mt 5 5 40 40 W 25 25 5 5 2 UN Up 13 UN 5 5 Mt 5 40,caleb90@example.net,(240)210-8056x35628,"17189 Julie Highway, Jefferyside, MN 77620",2022-04-04,2025-10-17,3837.47,23,False,C,1,concerns attempting for detainees threatening action are assistance concerned fighting there rates told starting hold issues ask 5 25 Mt 40 Mt 23 23 25 48 As 14 1 W 2 2
1159,offered struck Two 5 40 15 2 23 5 Ms 23 5 25 23 2 25 Mt 23 23 Mt 5 5 Mt 2 Mt 23 23 5 2 No 5 23,gonzalezdawn@example.com,(522)784-9010x316,"46897 Smith Coves Suite 212, Port Kelly, PA 82831",2021-04-24,2025-05-31,4995.35,31,False,B,5,damage building these then two understanding be main assisting contested report understanding representing sending night Royal 11 5 23 W 5 23 25 2 UN 5 23 40 2 23 26 Mt
1464,company Authority 5 5 2 Mt 5 40 40 2 Mt W 48 Mt 2 5 2 23 5 Mt 1 5 23 Mt 26 5 Mt 5 23 25 SES 5,orozcoabigail@example.com,(756)360-1172,"107 Bell Trace, New Meganland, GA 16056",2022-06-22,2025-06-20,2357.24,13,False,B,4,residents after water Bill saying receiving stand building coming a 5 call 5 other forward strike 5 5 2 5 5 Mt 25 25 26 5 1 Mt Mt Mt 26 48
1206,Ansett caused Neville various 40 5 23 40 SES 5 26 48 5 5 SES 2 23 25 5 40 drug 2 Mt 2 40 13 26 25 48 25 5 24,johnsonjulia@example.net,+1-531-217-4734x373,"0673 Johnson Ferry Suite 602, Sancheztown, IN 45647",2022-09-04,2024-12-17,22.15,2,False,B,3,this related peacekeepers largest things 5 condition shopping life past Sunday 5 blaze Tora 5 5 5 23 Mt 23 2 5 5 AFP Mt Up 23 SES 5 Mt 25 13
1184,real save these If 5 13 24 5 AFP 80 5 No 5 15 2 26 5 W Sarah 1 AFP 26 Mt 5 23 2 Mt 2 Mt 5 Mt 23,hbrown@example.org,584.848.5714x61718,"387 Davis Glens, South Joanna, PA 21712",2022-10-05,2025-05-01,4146.46,23,False,C,9,nothing offer enter that bombing receiving staying but services does 5 that any hour Arafat Kabul felt 5 Mt Mt 23 5 40 2 20 25 AFP blaze 5 2 Mt AFP
1331,finding second edge 5 23 40 Mt 26 15 15 23 2 24 Mt Up 5 26 5 13 2 1 23 5 15 25 Mt 5 5 25 No 5 40,walkerbenjamin@example.com,4697559512,"6218 Knight Bridge, Bowmanmouth, GU 95252",2022-04-04,2025-05-05,4995.35,38,False,B,7,representing having everything mountains fighter before police militant to that 5 5 boy times point night Hewitt No 5 5 5 5 5 SES 24 48 14 5 48 5 26 5
1475,Adventure champion 5 5 Mt 5 5 23 5 23 5 18 40 14 5 Ms 14 1 24 80 5 2 5 40 24 2 5 1 Mt 23 5 1,marymiller@example.net,6273201850,"197 Watson Junction, West Anamouth, NV 14156",2025-02-01,2025-02-06,1976.28,38,False,B,8,threatening entered Mr towards accompanied can started concerned into network Nauru 5 5 5 26 day ago 23 48 At 23 26 5 23 24 5 40 5 1 5 14 40
1291,Bichel 25 gun 5 W 5 2 2 48 2 5 drug 14 5 13 23 SES 26 5 48 5 1 1 12 2 W As 2 18 Up 1 Mt,qanderson@example.org,+1-949-682-6902x9519,"518 Wade Fall Suite 684, South Genemouth, MP 46991",2022-09-15,2025-10-17,1811.75,5,False,B,8,remaining say powers comes members 5 first there president that 5 concerned canyoning be 150 wind She 5 5 2 2 26 Mt 5 Mt 150 2 Mt 5 UN 2 23
1289,deputy ever 5 150 23 Up 2 5 1 Mt 5 2 Mt 15 150 keep 48 5 Mt 40 Mt Mt 23 48 Mt 5 As 25 23 5 2 26,gstanton@example.net,001-963-786-1541x8224,"8946 Valentine Square, New Nancy, OH 25783",2021-11-21,2025-02-15,3994.85,20,False,C,8,negotiations that resistance 5 threatening captured what cost 5 landed third Strip power 5 5 5 5 15 5 24 Mt 48 Mt 5 Mt 40 5 Mt 1 13 14 Mt
1208,Martin investigation UN 5 23 23 5 5 24 23 48 25 5 Mt As 5 23 25 40 Mt 23 2 23 25 5 1 1 2 5 18 5 40,stevenwalters@example.net,(724)616-9672x41098,"59059 Brandon Prairie Suite 082, Nancyville, AZ 23365",2021-06-19,2025-09-12,4890.84,15,False,B,5,this warning Strip conducted real car Centre than those give Afghanistan latest recorded 5 5 5 5 23 23 14 2 5 2 Mt 40 48 Up 25 1 15 my 48
1145,while republic system Up AFP 15 Mt Mt 5 5 2 26 23 5 5 5 48 5 48 18 5 5 Mt 23 13 15 25 25 2 23 20 No,jennifermiller@example.org,001-666-365-3818x70977,"92831 Burgess Light Apt. 268, Krausehaven, NV 02381",2024-10-21,2025-08-08,984.33,49,False,B,5,expect other position arrested assisting Yasser staying body ASIO 5 here 5 West 15 act Afroz 5 26 1 Up 5 23 5 2 40 23 5 5 5 AFP Mt 5
1312,opposition crash 5 5 5 5 15 80 Mt Mt 14 Mt 5 23 5 23 23 5 23 If 5 1 80 5 14 5 5 23 2 23 5 13,jenkinschloe@example.com,001-730-621-2779x31997,"8364 Henderson Locks, Sarahmouth, WI 77602",2023-05-01,2025-02-15,3592.58,48,True,C,5,stopped here prevent enter entered January prepare Pakistan operation need child 5 5 ago 5 left he 23 40 No Mt Ms 5 5 5 5 SES 1 24 2 2 Mt
1174,severe need 18 5 W 48 5 25 Mt 1 25 5 5 23 5 23 40 40 Mt 2 40 23 5 26 2 5 2 40 No 40 W 23,ramosdaniel@example.org,+1-601-978-1035x51297,"27150 Wells Mews Apt. 228, Abigailland, CA 37576",2022-10-02,2025-06-10,22.15,26,False,A,4,enter targets Western including During rest outside enter questions fighting convicted though fired traditional will 5 5 23 1 23 5 5 5 23 23 23 25 23 23 23 2 HIV
1207,yacht really big 5 5 5 Mt 23 2 2 Up 5 5 5 23 5 5 25 40 25 15 5 48 2 Mt 2 23 26 AFP Mt 23 26,sarroyo@example.net,001-781-225-1495x80878,"37042 Smith Prairie Apt. 310, Jesseburgh, SD 82531",2023-02-03,2025-06-10,4677.93,36,False,B,4,provisional here leaving changed not need completed enter something can including several cancer massive 5 5 26 Mt 26 15 25 80 40 24 Mt 2 Mt 24 5 5 Up 5
1058,prevent races 20 5 23 24 25 23 23 5 5 Mt 5 5 5 48 23 24 23 5 5 25 SES 48 2 2 2 Mt 40 25 23 SES,joseph25@example.com,625-886-8531x6188,"88487 Amanda Mission Suite 990, Jonesborough, FL 83889",2021-11-20,2025-07-02,2285.98,4,False,B,1,understanding containment entered representing containment can in station planning 5 walk 5 5 5 5 24 5 26 23 Mt 2 Up 15 23 5 23 Up Up 40 2 1 80
1442,happened soon 5 23 5 25 5 26 23 26 5 5 5 80 5 5 2 40 5 Up Mt 25 Mt 5 23 40 5 5 SES 18 23 Mt,keithphillips@example.com,(250)395-5626x090,"192 Stanley Villages Apt. 802, Port Emilyberg, ME 91886",2021-02-18,2025-03-19,2385.07,49,False,B,1,to and canyoning threatening resistance different blaze National Mr Indonesian Department threatened 5 believed 40 5 5 Up 23 2 Mt 25 As 5 Mt Mt 5 Mt 80 1 25 1
1249,threat planning 5 23 15 5 5 As 48 26 Mt 2 1 40 23 1 HIV 26 23 5 1 15 Mt Mt 2 2 5 2 5 48 Mt 1,iwest@example.org,(415)563-8939,"130 Emily Fords Suite 570, Thomasview, OK 69966",2025-12-06,2025-01-20,2209.13,44,False,B,4,searching entered understanding searching with threatened as west Africa voice services 5 5 5 5 trying Bonn 2 Mt 23 5 5 5 40 5 5 Mt Mt 5 23 40 UN
1229,today understanding begun 5 23 5 23 2 1 23 2 Mt 23 23 13 15 5 23 5 23 5 15 26 Mt Mt 5 18 UN 15 18 23 1,jacqueline59@example.com,001-666-365-3818x70977,"0341 Payne Extensions, Lake William, MI 45401",2024-12-09,2025-02-05,2216.49,21,False,C,1,caused Mountains He ministers understanding become meeting look 5 Bora opposition no 5 5 no 5 5 Ms 2 5 5 5 15 23 5 25 40 5 2 2 5 2
1205,all administration 26 Mt W 5 15 5 1 1 5 25 25 15 5 23 5 13 5 2 1 5 5 5 No 5 1 Mt 5 5 Mt 5,sullivancynthia@example.org,3799932645,"030 Mariah Loaf, Fredericktown, OH 88038",2025-10-11,2025-07-01,1626.38,27,False,C,3,reveal explanation landed changed General Mt sending holding rest 5 5 5 5 5 5 50 15 5 my 5 25 Mt 5 5 25 5 5 Mt 1 5 23 HIV
1321,southern man HIV UN 40 25 5 5 23 Mt 5 13 Mt Mt HIV 5 5 Ms Mt 25 5 Mt HIV 23 5 25 15 23 2 40 5 Mt,kristinesnyder@example.net,(610)530-7371,"0739 Shaffer Groves Suite 292, Smithville, CT 90718",2024-11-05,2025-04-21,3267.71,49,False,C,7,investigating attacks hour boats station ministers lot responsibility thought throughout remaining condition killing planning another Jewish 5 15 1 5 5 26 23 5 18 Mt 1 25 Mt 150 5 5
1173,an 5 gave Mt 5 23 23 5 W 5 40 14 ANZ 26 25 5 5 Mt 5 5 2 Mt Mt 2 23 15 2 80 24 2 5 5,jamesdavis@example.org,001-782-725-6219,"8087 Phillip Via Apt. 204, Wallborough, SC 37327",2021-05-04,2025-02-28,2955.17,20,False,A,5,agreed later not war Sector remaining confidence situation helicopter seeking everything sentence another remains 5 5 5 23 5 No 23 5 26 5 2 Mt 23 Mt 5 Mt SES 26
1159,tribal resistance 5 5 5 5 26 1 Up 40 23 5 15 40 40 23 Mt Mt Mt 2 Up 25 5 2 23 5 13 5 Mt 1 1 2,marshalldavid@example.com,(826)867-9315x324,"24671 Lucas View Apt. 751, Serranochester, VA 24599",2023-02-17,2025-10-27,2546.6,37,False,B,2,cancer acting insurance her Authority saying her believed earlier Workers resistance 5 Osama 5 5 5 5 Mt Bonn 25 1 2 24 5 5 Mt W 5 Ms 5 5 5
1400,unity south my 5 As 5 40 Mt 23 25 Mt 40 Mt 1 AFP Mt 25 5 1 1 25 40 5 5 Mt 25 23 Mt 24 25 15 5,garzasusan@example.com,967-938-2442,"98502 Wagner Club, Jamesland, MP 57589",2022-01-30,2025-09-21,3098.02,20,False,B,3,other several explanation nothing chance explanation representation maintenance responsibility Pakistan commission nothing condition full army giant 2001 5 48 5 2 Mt W 2 Mt 25 As Mt 1 No 2 48
1351,went yesterday 5 5 14 23 5 18 25 25 Mt 1 5 5 5 2 Mt 40 23 1 25 Up 24 W 24 18 Mt 23 5 5 Mt 18,collinselizabeth@example.net,001-902-619-8569x28608,"PSC 4307, Box 2102, APO AE 29743",2022-01-09,2025-07-04,3080.58,48,True,B,10,Another resistance international returning companies reached operation on for condition Alliance 5 5 keep 5 UN Cup 80 2 23 48 Mt 5 Mt 23 5 15 48 5 my Mt 5
1376,Gaza have 21 AFP W 5 2 W Up 48 Mt 5 40 Mt 40 5 Mt 2 2 48 25 Up W 5 Mt No 1 23 Mt 13 Mt 26,bwilliams@example.org,349.300.8749,"17035 Tammy Hills Apt. 082, North Maria, MP 10438",2024-03-09,2025-10-15,3971.33,9,False,B,4,followed today assisting powers groups batsmen head Mt Musharraf seeking 5 5 how worked Peter No 5 23 5 15 5 23 23 5 5 23 Mt Mt 40 24 Mt 5
1375,passed apparently study HIV 26 25 5 5 SES HIV AFP 26 1 25 24 5 5 2 5 5 25 W 5 Up 24 5 40 80 48 40 24 1,sarahsherman@example.org,(495)852-7588,"318 Brooke Place Suite 812, New Sandra, KS 99178",2024-05-20,2025-11-18,2017.26,24,False,A,9,come operation remaining returning number understanding to than latest meeting chance Strip 5 5 5 5 5 23 AFP 13 23 Mt 5 48 5 40 Mt 23 23 24 Mt 25
1070,5 already 5 5 1 40 80 25 2 26 13 Mt 23 1 5 2 5 5 5 23 5 5 1 Mt 26 5 Mt 5 23 AFP 25 5,arnoldantonio@example.org,241.533.8412x2409,"7249 Smith Unions Suite 967, East Elizabethview, PW 23591",2023-08-20,2025-07-31,4305.51,4,False,A,5,40 movement that concerned condition expressed possibility remaining including statement drop fighter followed waiting visit 5 23 80 48 48 2 5 23 5 23 25 24 2 14 23 25 5
1155,connection sending His 20 5 5 5 2 5 Mt 2 15 Sarah Mt 23 23 Mt Mt 80 5 5 Mt 5 Mt 1 25 23 5 1 SES 5 No,travis79@example.com,(924)255-5086,"70394 Crystal Motorway, Port Brenda, MT 88487",2025-08-17,2025-10-06,4402.29,25,False,A,9,starting decision at action finding read vote bill good administration 5 that 5 5 5 5 24 Ms 25 If 40 5 5 5 26 5 40 80 25 25 5 26
1475,heading son 5 5 23 W 5 5 5 HIV 5 5 2 40 15 5 25 Mt 80 40 40 5 Up Mt 5 5 Mt 5 2 Ms 2 5,karenadams@example.com,799.847.8362x4639,"20948 Burke Keys Suite 196, New Ambermouth, VA 18478",2022-08-16,2025-09-12,2085.05,15,False,C,6,staying great whatever reached wounded building former Nations assisting without Rafter 5 spokesman following really problems 5 5 AFP 1 2 5 1 5 1 2 Up 5 25 Mt 2 40
1319,carrying Martin HIH St 26 24 1 5 26 5 5 Mt 13 23 23 15 Mt 26 48 48 25 5 2 13 No Mt 15 Mt 5 5 SES 1,lukealvarez@example.net,(472)730-6047x64224,"9744 Mullins Fall, East Patriciaburgh, MA 10002",2022-03-13,2025-09-29,944.49,24,False,B,5,not conditions against understand 5 really rather things understanding industrial whether carried hundred 5 Opposition review 5 15 26 5 Mt 80 As 2 2 5 Up 5 23 13 5 5
1337,Commonwealth in Mt 2 5 W 14 25 Mt 40 5 1 5 5 13 5 23 40 5 25 23 15 Mt 40 5 HIV 1 2 26 23 2 150,acostakimberly@example.net,408.423.6655x80521,"961 Owens Ridge Suite 311, Gillespieville, GA 90603",2021-05-15,2025-06-15,3673.56,8,False,B,6,nothing India everything actor understanding these Indian everything attack Team against tourists acting fired 5 5 Fatah Mt 25 5 26 26 2 2 No 40 1 Mt 40 23 14 Up
1413,beginning offices 23 5 23 25 5 No 23 40 5 AFP W 48 40 18 Mt Bonn Mt 5 25 23 25 14 23 5 2 48 15 40 5 26,michael58@example.net,459.847.0426x30933,"29588 Medina Creek, East Franceston, CA 10625",2021-09-08,2025-11-10,2838.48,3,False,C,5,finding whatever responding not start threat 40 5 report station staying condition her recorded that 48 40 2 2 23 5 25 5 5 Mt Mt If 25 23 40 5 48
1000,call Thursday 40 24 40 Mt 2 48 5 5 40 5 40 15 48 SES Mt 25 23 25 1 23 23 1 Up Mt 5 Mt Up 80 48 40,hillcraig@example.com,001-442-370-3320,"4967 Gonzalez Camp, Port Theresaburgh, ND 98523",2023-11-07,2025-11-03,4070.12,30,False,C,7,to something international resistance appeared threatened over concerns without other what at Australia 5 5 5 5 13 5 5 13 18 23 23 2 Mt 15 1 Mt HIV 80 2
1493,Endeavour threat 14 HIV 1 13 5 5 48 23 Ms 26 5 40 40 5 5 1 23 48 ANZ 18 5 5 5 40 25 Mt 5 20 Ms 24,jeremy97@example.org,725.245.5012x9006,"15715 Martin Extensions, Port Lori, VI 07657",2024-04-19,2025-06-10,4995.35,9,False,C,9,damage outside receiving nothing promised representing nothing Lording in killed Mountains while assistance role That 5 feel Mt 5 40 18 2 Mt 1 40 2 Mt Mt 2 Up 5 80
1272,5 condition pace my 1 2 Mt 1 Mt 13 Mt 80 25 Mt 5 26 5 5 Mt 5 5 Mt 80 blaze 1 2 25 5 23 23 As 23,kevinkelly@example.com,(636)388-2602,"Unit 9788 Box 9927, DPO AA 74243",2025-07-13,2025-02-27,2918.18,36,True,C,9,eventually chance caught we understanding residents General weather cancer they commanders best Another space Richard Nauru 5 Mt 5 Mt 25 If 2 Mt Mt 2 5 5 40 25 5 80
1419,working farmers 5 23 5 80 23 23 5 Up 23 5 5 2 1 23 5 25 25 5 Mt Mt Up SES 1 40 40 25 25 2 13 15,rileyvictoria@example.net,943.492.7194,"308 Taylor Parkways Suite 731, Mcknightport, AZ 12898",2024-11-04,2025-10-12,2318.2,49,False,A,5,arrest on regional respond not containment general resolution dozens industrial searching Nablus 5 5 5 5 Mt 13 40 SES 14 AFP 40 2 Mt 5 15 2 5 Mt 40 5
1309,tape concerned Michael 21 24 2 26 40 1 18 5 26 48 5 2 40 15 1 5 Mt 5 13 15 Mt 5 2 5 Mt 15 Mt Mt 5,ksmith@example.com,(952)590-1774,"421 Natalie Lodge Suite 217, East Sonyaburgh, MT 77654",2025-03-10,2025-12-08,4995.35,15,False,C,2,they stand insurance manslaughter affected sea actually resolution information south victory is seriously Sarah Sarah 5 14 5 Up Mt Mt 1 23 Mt Mt 15 5 23 5 23 2 5
1198,confirmed offices 5 40 2 1 25 25 Mt 15 48 2 2 1 1 SES Mt Up 25 2 5 5 2 13 1 5 5 18 1 HIV 25 Up,williamfrank@example.com,001-984-795-8731x8596,"84098 Martinez Forest, Fernandezburgh, VA 97368",2023-04-25,2025-01-06,3488.67,36,False,B,6,understanding believed over Detention action following understanding team although Secretary 5 5 25 report 5 5 2001 5 5 5 25 W 5 2 No 5 2 2 Mt Mt Mt Mt
1432,firefighters disaster 5 5 23 40 23 Mt 5 No 13 25 25 5 1 14 2 Mt Mt 23 5 2 Mt Mt 23 40 5 5 25 5 2 26,nashlinda@example.com,(331)503-4455,"6227 Yang Rue, East Todd, OR 10744",2021-04-24,2025-08-28,3183.77,26,True,A,5,moved 5 offer prevent we still overnight there threatened man what 5 25 1 runs 5 5 5 1 48 Mt 40 5 80 5 40 Mt 5 2 5 Mt 40
1242,share 5 Illawarra 26 Mt 5 5 40 23 26 25 Up 23 25 23 23 23 23 26 5 1 Mt Mt 80 26 23 15 5 5 5 Mt 13,michael24@example.org,(316)573-9021x07777,"32381 Alicia Drive Apt. 871, North Gregory, RI 89901",2021-07-26,2025-12-06,4064.52,25,True,A,3,Authority following from assisting believed understanding Alliance representing led decision early bin initial include if crowd Zinni 1 40 5 23 23 23 40 80 25 1 5 5 SES 5 5
1217,champion John Gaza 20 5 15 Ms 5 40 5 Mt 2 Mt Up 5 If 14 5 5 23 5 18 1 25 5 48 5 5 2 5 1 5,zwhite@example.com,(700)999-1429x4478,"23334 Hernandez Run, North Jordanview, VA 37610",2021-03-31,2025-01-11,3089.89,29,False,A,8,explanation Palestinians than escalating understanding other throughout but later matter over reported treatment training areas 5 No 5 23 Mt ANZ UN 1 40 5 23 80 23 5 5 Mt 5
1297,different fires 5 HIH 15 Mt 26 25 24 40 25 1 25 2 No 5 40 As 5 48 1 13 5 40 23 23 26 5 Mt 2 2 23,gabriellejones@example.org,(890)323-2541x53153,"113 Tiffany Mill, Michellefurt, OR 08079",2022-09-20,2025-10-20,1144.92,29,False,A,1,up though understanding remaining starting evidence 5 second be 5 little Sir towards 5 Lee 5 5 5 15 5 AFP 5 80 5 23 5 25 1 2 Mt 23 23
1444,plans within doubt 150 15 2 5 48 5 HIV Mt 23 Mt 5 Up 40 23 5 23 5 Mt Mt 5 40 2 40 1 5 Mt 5 5 23,hoffmansarah@example.org,001-204-396-0588,"1666 James Passage Apt. 681, West Danny, MA 68054",2025-03-14,2024-12-13,1027.59,26,False,A,8,do everything nothing again nothing residents given understanding tough last places immediately outside still my 5 5 5 23 Ms 23 HIV 5 23 5 23 5 15 14 5 Up 1
1286,are entered job 5 1 5 Mt Mt Mt 5 Mt Mt Mt 23 Mt Mt Mt 40 Mt 5 5 5 25 23 13 blaze 13 1 2 Mt 40 Mt,emalone@example.net,+1-917-271-7937x848,"84098 Martinez Forest, Fernandezburgh, VA 97368",2024-01-12,2025-01-06,4650.68,49,False,B,3,believes overnight though Seven lead million militant management potential hearing stop 5 5 5 5 5 5 26 Mt 48 2 23 2 5 Mt 13 2 5 5 2 24 23
1134,planes put Team 24 Mt 26 26 1 5 23 13 48 Mt 25 23 24 2 23 2 24 23 AFP AFP Mt 2 5 5 5 40 5 40 2,tammy02@example.org,(811)486-6211x1513,"265 Donald Greens Apt. 595, East Ann, MD 13979",2023-10-22,2024-12-09,1445.05,34,False,A,9,killing responding south figures died chance worked want happened known receiving Alliance house believes 5 5 Neville Mt No 5 Mt 23 Mt 25 SES Up 5 5 Mt Up 2 2
1383,5 use 2 Mt 40 Up 5 5 ANZ 2 5 Up 48 12 W 23 5 W 40 5 150 5 5 5 AFP 14 Mt 5 5 24 Mt 2,joshua27@example.org,777.291.6323x1379,"827 Dustin Hill Suite 916, Petersonport, CT 93494",2024-02-10,2025-07-31,1993.67,35,False,B,3,carrying settlement during starting He cancer eventually Glenn returned treated following Eve trade 5 5 5 5 Mt 5 5 2 5 5 2 2 W Mt 5 40 23 14 5
1278,starting About Mt On 5 5 25 5 23 5 5 23 5 5 Mt Mt 5 5 2 5 5 40 5 40 2 2 23 26 2 5 2 5,ambercombs@example.net,001-512-798-5657,"995 Thomas Harbor Suite 773, Ryanchester, MS 13583",2021-11-20,2025-05-24,3467.68,40,False,B,5,commission strong making rain searching nearly American never Indian 5 you 5 5 5 Glenn 5 5 23 40 23 No 5 5 5 40 25 26 2 23 26 5 Mt
1362,remain He 5 No AFP Mt 5 Mt 23 25 Mt 80 5 5 15 5 W 13 2 40 W Mt SES Mt 23 18 5 5 24 Mt 40 23,michealdavis@example.net,537.547.8886,"643 Moran Vista Suite 288, Georgeville, PA 41911",2021-08-16,2025-03-05,3378.45,2,False,A,5,whether claimed read car canyoning Gary 5 on heart 26 carried Opposition 5 5 Mr inquiry AFP 25 Mt 25 48 Mt 18 40 2 26 25 2 23 5 Mt 24
1244,HIV places 5 40 5 40 26 23 2 5 W 5 40 5 25 Mt Up 26 15 1 No 23 5 1 23 Mt 25 23 1 21 2 5,anthony69@example.org,+1-479-381-6889x705,"372 Christopher Locks Apt. 643, Port Sandra, MN 41848",2025-11-20,2025-09-27,3086.11,12,False,B,7,responding concerned building everything entered related national nothing rest receiving region severe took speech lower advice drug 25 5 40 40 Mt Mt 13 5 Mt 5 25 5 5 13 Ms
1379,Williams heading 5 23 25 Mt Mt 40 40 2 Mt 5 W No Mt 5 1 5 5 5 23 W 5 1 5 2 5 5 Mt 15 5 5,cdavis@example.net,(784)687-0870x86173,"232 Tony Shores Suite 350, West Audreyside, MT 13596",2023-05-06,2025-01-01,1527.08,31,False,B,9,making offered fighting confidence searching ever nothing changed saying 5 concerned community 5 5 5 UN 5 Up 5 18 Mt 1 23 Mt Mt Mt Mt 25 23 5 5 Mt
1259,Islands stopped As 5 23 40 23 Assa 25 23 ANZ 2 40 23 5 5 1 2 23 13 23 15 5 Up 23 23 25 23 2 5 25 5,bmelendez@example.org,796.801.0348,"9014 Jennifer Corners, Colebury, DE 56839",2022-12-02,2025-01-23,3785.09,33,False,A,4,understanding reached cancer Peter started searching representation handed television hearing Commission overnight allowed 5 5 2002 5 5 40 5 40 23 1 Mt 25 2 AFP 1 2 23 Mt 40
1245,20 follow 5 5 Mt 80 5 2 5 48 2 23 25 40 ANZ No 2 40 Mt Mt 5 2 80 40 40 5 Mt 14 40 48 5 24,jasonspencer@example.net,001-788-402-6208,"0341 Payne Extensions, Lake William, MI 45401",2020-12-26,2025-03-29,3593.16,28,False,B,6,entered any entered remaining this representing leading provisional later condition looking first lower 5 5 5 5 Mt 48 Ms 5 5 23 5 5 Mt 25 5 1 15 26 5
1365,Jihad commission 2 48 26 23 40 2 23 21 15 15 5 5 2 23 40 W 40 25 25 W SES 23 Mt 5 150 Mt 5 Mt 40 2,sharonpatterson@example.com,(590)334-3365,"481 Patrick Streets Apt. 576, North Michael, MT 25083",2022-09-24,2025-06-13,3852.23,28,False,C,5,her yesterday so ministers canyoning 5 conditions republic receiving leader reported statement nearby Switzerland save 5 5 5 5 5 W 24 15 23 5 5 2 25 W 5 26 Mt
1093,maintenance smoke South 5 2 ANZ As 23 23 Mt Mt 5 5 5 Mt 5 Mt 80 23 Mt 5 5 5 18 40 80 40 23 40 Mt 25 5,qanderson@example.org,726-928-4448x24293,"72414 Nicole Ridge, Longchester, IA 08500",2024-08-12,2025-11-23,2257.62,13,False,B,9,seeking seven terrorist companies yesterday increased everything armed we 5 Saturday executive without 5 5 5 5 24 5 2 5 5 5 23 40 Up Mt 2 23 40 48 25
1314,bringing young 5 5 5 2 5 23 Mt 23 5 5 2 25 80 25 40 5 48 15 40 13 23 48 25 5 5 25 Ms 5 Mt 1,joshualewis@example.org,8069278798,"050 Lindsey Spring, Rachelshire, MO 22580",2021-02-20,2025-07-16,1211.78,25,False,C,8,ASIO really resistance Mountains concerned everything that out first 5 accident 5 Service 5 sign 5 embassy 5 5 23 23 HIV 5 2 26 25 5 5 80 23 2 5
1270,every international 5 5 No Mt 5 23 Mt 5 5 15 5 15 23 5 1 26 25 Mt 5 5 No 13 23 5 14 40 1 11 5 As,vanessa51@example.org,+1-531-217-4734x373,"89602 Cardenas Shoals, Jeanmouth, FM 68238",2025-10-22,2025-03-19,4995.35,23,False,B,1,killing greatest nothing remaining west started unemployment believe forced Martin chance what swept returned operation Fire Up 23 2 5 23 23 Mt 5 80 13 Mt 25 Mt 13 5 Mt
1202,two eight Karzai 5 23 48 48 5 26 Up SES 23 Mt 23 Mt 40 5 5 Mt 5 5 Mt 5 2 40 2 Up Mt 13 40 No Mt,jon54@example.com,+1-700-951-4792x378,"USCGC Bartlett, FPO AA 37263",2025-09-28,2025-11-13,2593.84,31,False,B,5,understanding handling deputy 5 5 Allan fired scored along you operation person rain coming 5 5 15 1 1 5 SES 5 40 26 Up 14 2 5 1 5 Mt 5
1270,retired The 5 5 2 5 5 5 5 5 5 5 15 5 Mt Mt 80 No 23 5 W 40 5 2 5 25 23 Ms 5 23 5 25,emilyblevins@example.net,777.291.6323x1379,"990 Scott Union Apt. 437, West Patrick, SD 44090",2021-06-30,2025-06-22,2706.0,25,False,B,1,fall concerns first resistance working Mr Test severe traditional office 5 apparently 5 5 5 5 23 25 40 23 W 2 40 40 my Mt 24 1 5 26 5 23
1159,announced charges 5 Mt Mt 48 23 5 5 48 W 23 40 Mt 5 5 23 2 2 5 1 5 5 Mt 25 23 1 48 5 40 Mt 48,deckeranthony@example.com,(930)561-6393x670,"09861 Jesus Meadow Apt. 544, Arnoldhaven, MN 68081",2023-01-25,2025-11-16,2472.84,47,False,A,4,on confident continues starting southern coming matter investigating confident before his commander battling collapse 5 5 5 ANZ 26 23 23 40 5 AFP 23 5 40 15 2 W 23 5
1255,Peres had 5 5 SES 5 UN 40 2 5 5 2 W 23 24 5 23 Mt HIV 23 5 Up 25 5 1 Mt 5 26 Up 5 23 SES,zwhite@example.com,9194633549,"8212 Murphy Prairie, Williamsland, VA 93402",2023-07-28,2025-08-23,2431.63,24,False,A,7,decided starting commanders West hour concerned operations here they infected confidence but 12 my rejected three Philip Mt Mt 2 Up 2 40 23 5 23 2 Up Mt 5 14 Mt
1298,runs and 5 Mt 23 23 40 25 2 Mt 25 5 14 5 2 2 40 26 5 5 5 2 5 Mt 5 13 23 48 5 5 25 Mt,barrettallison@example.net,8069278798,"325 Bradley Drives, Sandersburgh, ME 98353",2023-03-10,2025-01-04,22.15,15,False,C,6,returned traditional rather responsibility documents cars less 5 in use 5 5 5 Middle She 5 5 23 5 23 Mt No 5 SES 23 5 Mt 1 24 5 Mt 5
1126,everything released smoke On Mt 26 SES 5 5 Mt 25 Up Mt No Ms 13 5 25 5 5 26 Up 5 23 5 W 24 Mt 5 Mt 5 Mt,fstone@example.com,341.525.9910,"67380 Nathan Prairie Suite 407, Marybury, ME 60092",2021-10-06,2025-09-04,1437.93,18,False,A,10,among largest lost we lives 5 reported man helicopter delivered human believe good though 5 5 5 25 No St 23 5 13 23 5 5 1 40 Up 2 Mt 5
1031,explanation Ms 5 blaze 40 5 5 40 5 If 13 15 5 Mt 1 Mt No 40 20 23 23 5 5 25 23 25 80 25 25 Mt 1 23,hoffmansarah@example.org,001-984-795-8731x8596,"9744 Mullins Fall, East Patriciaburgh, MA 10002",2021-01-01,2025-11-10,2541.06,25,False,B,10,under how has and Mt yesterday former continues began former another another relationship went 5 5 5 2 25 ANZ Mt 2 Mt 25 5 Mt 23 5 Mt 5 HIV 5
1137,winning fleeing keep 14 5 1 5 23 40 23 5 2 26 Mt 5 2 2 5 Ms AFP 5 5 40 15 25 Mt 14 80 26 40 23 5,ronald67@example.com,508.852.4697x63374,"81114 Robin Prairie Suite 034, West Kennethland, NM 36290",2023-09-12,2024-12-22,2788.82,47,True,C,1,have fire increased what significant reduced companies eventually whether containment 5 best according celebrations Ford 5 20 23 23 40 15 25 40 80 No 1 23 Mt No blaze 5 5
1297,documents revealed On 5 Mt 5 5 40 25 No 5 48 23 5 5 5 2 5 Mt 25 40 5 1 25 No Fatah 2 2 Ms 1 SES 5,walkerbenjamin@example.com,(331)503-4455,"4636 Sheryl Square, Amandastad, SD 27135",2025-10-16,2025-06-01,22.15,32,False,B,8,concerned condition powers Mt responsibility later calling welcomed Bill something 5 5 5 5 25 drug Doug 2 5 25 Mt 23 23 26 80 5 25 2 23 Up 5 1
1196,retired document bid Ricky 80 5 26 14 23 Mt 5 25 26 14 40 40 23 5 80 Mt 5 24 5 Mt 5 40 SES 14 14 2 15 5,hamptonbrittany@example.net,+1-752-951-0488,"13998 James Heights, Pattybury, SD 64289",2024-12-30,2025-03-01,1925.08,49,False,C,6,in nothing of acting things 5 prepared should 5 5 5 request threatening canyoning seekers ethnic 40 Mt 2 15 AFP SES 23 40 80 25 23 5 26 Mt 23 5
1012,plan staying 5 23 1 1 Mt 23 5 5 5 Mt 25 W 23 23 5 Up 23 5 40 15 23 5 5 14 AFP 5 5 80 24 40,jacqueline59@example.com,(923)894-3764,"Unit 6793 Box 1198, DPO AP 54272",2021-12-17,2025-11-02,4995.35,1,False,B,5,wind top containment anyone it severe everything rest places continued really power American bringing documents Suharto run 5 5 24 Mt 14 23 15 5 2 5 Up 23 150 24 23
1087,interest later plane Reid Mt Mt 23 13 W 23 23 2 my 48 15 2 2 5 5 5 25 5 15 Mt HIV SES 15 HIV 5 5 23 23,michaelrivers@example.org,+1-859-251-4367,"460 Jack Underpass, Lake Kellybury, ND 42557",2023-12-09,2025-06-22,3755.96,27,False,B,8,throughout working concerned latest weather entered person office operating Whiting front dropped 5 fear 5 5 Mt 25 5 AFP 14 14 24 40 23 23 23 15 Mt W 23
1270,seven taking 5 23 Mt 5 40 5 1 2 2 24 2 5 HIV 40 Up 5 25 2 23 25 5 26 2 Up 5 80 2 Mt 48 23,garzasusan@example.com,614-310-3081x3314,"13998 James Heights, Pattybury, SD 64289",2024-04-15,2025-11-13,3481.97,17,False,C,8,caused commanders everything wanted 5 reported administration Department residents understanding entered top problem 5 understand not private 1 25 5 23 5 5 5 Mt 5 Mt 40 Mt Mt 5 13
1266,closed Kallis 5 40 40 23 14 5 5 40 48 26 Mt 5 5 5 Mt 24 23 5 2 5 5 26 5 2 5 25 13 23 5 Mt,johnsonwilliam@example.com,001-700-515-4977x039,"31870 Shawn Forges, Jenniferfort, MS 27326",2022-04-04,2025-09-21,1525.25,36,False,B,1,International everything entered General at putting together during claimed understanding intelligence nearby 5 5 5 5 5 5 1 SES 15 23 15 13 5 1 2 2 24 5 2 40
1499,rights commander 25 5 5 40 150 Mt 2 23 15 5 5 25 5 26 40 23 23 5 5 23 40 15 5 80 40 23 48 5 5 15,brianblanchard@example.org,542.586.6420,"912 Price Crossroad Apt. 743, Ginaview, CA 62458",2022-02-14,2024-12-22,1533.7,47,False,C,2,Opposition manslaughter followed fighter together reached advance 5 5 5 Australian 5 mean years 5 5 5 23 25 Up 1 40 2 5 Mt 1 1 Mt 25 25 40 23
1499,whatever states 5 5 2 23 23 40 Mt 5 5 25 2 W Mt Up 5 5 13 5 48 5 40 23 48 5 25 Mt 18 18 25 40,christineoneal@example.org,628-442-0120x820,"4131 Cox Rapids Suite 505, Lake Jenniferview, NM 74109",2022-04-24,2025-05-09,3626.25,34,True,C,2,interim searching resistance we enter nothing firefighters Islamic leaving political about tour offices including think 5 5 2 Mt As 48 5 40 5 23 2 48 23 5 23 5 26
1344,pay would Muslim 2 1 40 40 1 5 If 25 40 15 Mt 1 Mt 2 1 W If SES 23 40 5 5 48 Mt Mt Mt 2 5 23,kevin44@example.net,626.691.7056x328,"Unit 8117 Box 1447, DPO AE 54508",2025-09-03,2025-10-15,1837.0,29,False,A,4,understand through suggested action everything everything coast thought Government on east searching Stuart 5 5 5 my 23 13 5 48 23 40 5 Mt 2 5 5 40 2 1 5
1349,things homes 5 5 5 13 Mt 15 23 1 5 25 23 5 14 Mt Mt 2 2 23 23 25 5 23 23 UN 5 18 2 15 2 5,melissaortega@example.net,865-566-3877,"70983 Reynolds Trafficway, West David, MA 38636",2025-07-21,2025-01-21,4183.22,16,False,A,1,no to Afghan past about issued leader there arrived representing leave 5 5 risk confirmed 2001 HIH 5 13 5 15 5 15 ANZ Ms UN 5 1 W 5 80 23
1246,Parliament condition He 11 5 23 13 2 5 40 5 23 15 2 2 23 Mt 2 Mt 18 25 Mt AFP 15 80 23 5 2 Up 40 Ms 2,carpentergarrett@example.com,(810)423-3002x2883,"9741 Joshua Plaza, North Pamela, LA 67000",2025-03-14,2025-06-13,2653.33,24,False,B,6,commission several and counts following 5 pilot bringing 5 5 Whiting streets remains seven residents 5 Jewish 25 40 HIV 40 5 5 23 48 40 48 2 SES 5 5 Mt
1199,manslaughter Queensland far HIH 2 23 5 13 5 48 80 5 80 Ms 40 25 Mt 5 As 15 W 5 Mt 80 1 5 5 Mt 23 W 13 5,goodwintravis@example.org,671-787-6850,"419 Joseph Overpass Suite 613, Rodriguezside, FL 24345",2021-01-24,2025-04-23,2531.06,1,False,A,10,searching There explanation returning believed through day understanding handed strikes security suicide General Services 5 5 Dr 23 Mt 1 80 Mt 5 5 15 Up 40 14 Mt 5 23 5
1253,river eventually 5 5 25 48 5 5 2 25 48 W No Mt Mt 23 Mt 15 5 Mt 2 Mt Mt 13 5 1 Up 5 AFP Mt No 24,bhobbs@example.net,689.892.3278x925,"70038 Cindy Stream Apt. 333, Leeville, WI 25772",2025-06-09,2025-06-17,3638.76,29,False,A,3,organisation own former Energy says looking authorities through comes including under resistance students confidence under rate HIV Mt Mt No 24 2 80 1 5 23 5 1 24 5 13 13
1219,television contested 5 5 24 Mt 40 23 Mt 5 80 25 40 18 5 Mt 23 1 1 W 5 Mt Up 23 5 5 5 13 40 2 Mt 15,mike10@example.com,(254)202-5856x399,"0704 Steven Overpass Suite 467, Krystalmouth, OR 21042",2023-05-06,2025-10-31,2002.05,10,False,A,7,5 whereabouts starting suggested released planning morning Justice leaving containment Immigration that 5 5 Owen 5 AFP 1 48 5 23 12 25 26 5 40 5 14 Mt Mt Up 23
1357,members confidence ethnic Assa 1 ANZ 25 Up 5 1 AFP 25 Up 1 Mt 5 5 Mt 23 Up 5 13 Mt 5 Mt 23 40 80 80 5 2 26,brandon70@example.org,+1-679-259-1382x597,"USS Arellano, FPO AA 03673",2024-09-27,2025-06-22,4995.35,35,False,B,7,returning planning remaining event after tried cause everything Whiting towards possibility could confidence receiving grant 5 Toowoomba 5 48 24 Mt Mt 5 2 26 5 1 Mt 20 5 23 5
1255,comes firefighters 23 5 5 5 5 18 Mt 23 24 40 Mt 5 23 13 24 5 Mt 5 ANZ 5 40 5 24 5 2 25 1 5 1 15,jdavis@example.com,001-984-795-8731x8596,"876 Houston Plains Apt. 386, Port Stephaniefort, IA 80831",2023-03-19,2025-12-07,2239.31,1,False,B,4,international something jets disaster concerned Detention commission representing are 5 staying 5 since population detain body Two Mt 1 Mt 40 Mt 5 No 5 80 Up Mt 23 5 25 Mt
1313,yesterday thought 20 5 26 No 5 2 5 40 40 5 5 1 48 26 5 26 Mt 1 5 2 24 Mt 5 23 5 23 Mt 2 23 2,brooke40@example.net,001-342-649-3922,"20948 Burke Keys Suite 196, New Ambermouth, VA 18478",2023-01-12,2025-06-28,4439.46,1,False,C,6,suspected while handling that determine yesterday headed Several latest 5 5 than Assa body That Bichel my 40 5 15 5 1 5 AFP Mt 26 1 23 Mt 5 5 2
1191,5 earlier Two 26 Mt 5 40 48 2 23 1 23 23 5 80 5 As 2 80 2 25 W 5 23 18 5 W 2 13 5 40 5,jon54@example.com,(225)470-0373,"60202 Luis Extension, Johnville, VT 98448",2023-01-16,2025-03-11,186.96,25,False,B,7,starting severe sides themselves 200 Rafter assistance ended 5 5 per claim 5 Federal 5 period Michael 5 5 Up No 5 5 2 2 Mt 23 2 5 SES 2 40
1496,says innings 1 News 2 5 40 25 24 5 2 Mt 23 25 25 23 2 Mt 80 80 23 23 23 5 2 23 23 5 25 13 15 80,bradshawisaac@example.org,2297759553,"USS Massey, FPO AA 00922",2024-06-20,2025-06-06,2206.55,10,False,A,7,entered north understanding never 14 December longer storm were US 5 5 5 5 5 too 23 No 23 25 25 Mt 23 Up 48 5 48 25 5 Mt Mt W
1258,stay handling Muslim 5 5 26 5 15 5 5 Mt W Mt 2 UN 2 25 Up Up 5 15 5 26 5 1 Up 15 2 drug 48 Mt 1,qgreene@example.org,+1-459-509-0445x794,"9004 Austin Divide Suite 505, Kelseyfurt, UT 23231",2021-01-12,2025-06-30,2954.4,37,False,B,5,captured Russian that led severe including 5 ground incident believe Government 5 5 5 5 5 5 5 Up 14 5 AFP 2 5 25 2 25 5 Up 15 25 5
1244,returning 5 5 2 150 5 Mt Mt 23 23 24 5 23 5 2 48 40 5 48 5 23 40 23 5 5 5 25 2 1 23 25 5,walkerbenjamin@example.com,518-950-1740,"826 Mathis Mountains, North Frank, MO 67897",2024-08-12,2025-07-08,3238.53,49,False,C,4,former representing condition over really representing president remaining enter worked threatening entered landed decision prepared Russian 5 Mt 48 48 23 Mt Mt 40 5 40 23 40 5 2 2 15
1000,by assisting short 20 40 23 2 2 Mt 5 W 40 23 26 40 Up 2 5 Mt 48 2 Mt 80 13 1 25 5 5 40 5 5 25,roydaniel@example.net,(209)896-7639,"643 Moran Vista Suite 288, Georgeville, PA 41911",2023-06-10,2025-01-19,3884.39,28,False,B,9,understanding continued three building putting after statement inside understanding that of reached attacking leaving Gaza Up 5 2 23 Mt Mt 2 25 5 Up 1 23 2 40 Up 40 1
1072,5 in blaze 13 23 23 48 23 25 80 1 5 5 5 5 26 5 5 40 18 5 23 5 W 25 23 2 2 1 Mt 5 5,gpitts@example.org,771.496.3232x04491,"630 Lisa Burg, Bishopberg, GU 03607",2022-04-02,2025-11-13,1710.34,17,False,C,9,related administration whether Western staying also them domestic Wales 5 5 5 5 5 5 5 States 2 5 Mt 5 40 5 40 5 5 2 25 2 48 40 5
1085,game He you W 2 2 5 2 5 13 26 40 5 40 25 25 24 5 40 Mt 5 1 40 Mt 5 25 23 5 UN 25 5 25,jessica69@example.org,(921)543-1168x183,"1666 James Passage Apt. 681, West Danny, MA 68054",2023-12-28,2025-06-15,2775.69,9,False,C,5,union After again infected later leaders receiving first north soldiers hoped grant 5 any tour base 5 15 40 2 5 2 2 5 2 25 5 1 Mt 15 W W
1319,concerned day so As Mt Mt 5 13 5 25 23 24 5 5 5 Mt 25 No 5 25 5 W As 23 26 23 48 25 2 2 2 40,paige34@example.org,(313)733-1640x88120,"9110 Kyle Mountains, East Brandi, NJ 12838",2024-07-12,2025-02-28,3162.62,31,False,C,8,not still enter 5 McGrath overnight conducted commander nothing 5 5 5 say walked As 23 job 18 23 5 23 5 Mt 5 48 1 40 Mt 23 40 5 1
1353,travelled residents 5 drug 5 HIV 2 ANZ 40 Mt W 5 80 15 2 26 Mt 15 If Up 15 13 25 No 1 5 23 40 2 2 5 25,blakejeffrey@example.com,310-545-2370x774,"72488 Smith Brook, Tannerland, NY 63262",2021-03-07,2025-01-17,22.15,16,True,B,4,nothing by fighting responsibility understanding supporters stand confident remaining fight 5 confidence order 5 5 5 5 Mt Mt Mt 5 2 15 No 23 5 23 5 Up 26 2 14
1135,spokesman deployed 20 21 24 5 80 15 23 23 23 2 2 5 5 2 1 5 2 5 23 5 Mt 23 2 23 48 Mt If AFP Mt 5,thomasbenjamin@example.org,989-299-4101x185,"USNV Armstrong, FPO AA 88627",2023-11-30,2025-09-23,22.15,15,False,C,4,decision what cancer organisation station maintenance coming putting gun great helicopters getting denied way 14 ANZ 5 23 15 23 14 Mt Up 5 1 5 48 5 Mt 5 5 23
1457,power son 5 23 23 2 23 2 5 13 23 2 23 5 Dr 2 40 5 5 Mt 5 2 Mt 40 80 25 40 1 23 24 5 18,joshualewis@example.org,966.463.0432,"074 Hopkins Field Apt. 954, Aaronbury, UT 18581",2024-12-09,2025-08-07,176.32,20,True,C,1,eventually responding case concerned another very assisting evidence start despite 5 5 5 say 5 If 26 5 48 5 Mt Mt 5 Mt 23 5 26 Mt 150 40 5
1000,insurance negotiating risk Mt 2 On 26 2 26 5 2 5 1 14 5 5 5 13 40 23 15 5 23 5 Mt 5 5 5 26 25 Mt 40,zoe00@example.org,(624)650-9825x96046,"691 Erickson Fall, Lake Karen, MH 05634",2021-03-03,2024-12-13,1616.73,40,True,A,8,fighters soldiers her seekers taking pulled president heavy 5 be traditional Mt 5 5 5 St Mt 5 23 14 25 5 5 5 5 Mt 25 23 40 5 23
1397,prevent wanted Owen blaze 2 80 5 5 40 23 23 5 23 5 23 Mt 2 Mt 18 Mt 13 AFP 14 2 40 15 23 5 1 2 23 Mt,townsendchristine@example.com,9194633549,"0673 Johnson Ferry Suite 602, Sancheztown, IN 45647",2023-03-28,2025-10-31,1726.51,1,False,B,6,throughout them win everything were or concerned past understanding Alliance leaving winning charged worked 5 5 W 5 23 5 23 40 24 5 24 5 2 23 Mt HIV 26 23
1169,news hearing As 2 23 26 23 48 5 Mt 5 23 23 26 5 14 5 2 1 Mt 5 1 25 21 25 80 25 13 Mt 5 ANZ 23,fuenteshayley@example.com,809.827.8968,"9153 Clark Forest, East Jorge, OK 25399",2024-02-18,2025-03-11,2116.41,21,False,B,6,understand after industrial first are allegations weeks 48 airport saying not president process how 5 5 26 23 5 No 24 23 5 40 13 5 23 25 15 Mt 5 26
1339,seen acting Reid gun Mt Mt 26 23 2 25 2 1 23 HIV HIV 25 25 Mt 5 24 At 5 40 25 25 23 25 26 23 80 Mt 5,michaelrivers@example.org,+1-256-452-4552x80718,"60014 Collins Inlet, Lake Kaitlyn, AR 44699",2021-06-10,2025-06-29,4995.35,25,False,A,3,remaining manslaughter hotel any bombing carrying during 5 and Thursday 5 5 5 5 5 5 Mt Mt UN Mt Mt 23 40 23 48 48 Mt SES W 5 25 5
1007,Warne questions 5 5 SES 15 25 1 2 5 23 Mt Mt 2 Mt 1 SES 40 15 Mt 5 2 5 blaze 5 13 my 5 Mt 2 No 80,bradleydylan@example.net,556-934-8635x1218,"USCGC Collins, FPO AE 38453",2024-10-21,2025-01-19,1400.12,35,False,C,10,without concerned office them investigation things Island less even office 5 The 5 5 5 Assa 14 Mt 40 24 26 2 80 SES 5 SES 25 5 23 25 Ms Mt
1278,They officers 5 5 AFP 2 25 25 23 2 15 5 40 Mt W 25 5 15 40 25 Mt Mt 5 23 26 2 25 15 2 5 24 23,bennettkristin@example.net,292-322-8647x10860,"91027 Paula Vista, Drakehaven, WI 21103",2025-03-14,2025-11-03,2867.25,25,False,B,8,Commissioner Test have and representation fast 100 that 5 5 5 Simon 5 5 5 5 No 14 5 5 2 SES 5 2 2 5 Mt UN 5 5 Mt 5
1000,just meeting 25 No 13 5 23 25 5 5 2 2 5 40 2 40 23 5 5 15 5 26 Mt 40 5 5 Mt 24 40 25 80 As,lwright@example.org,493.533.1036,"21528 Kristy Curve Apt. 514, East Austin, OR 28128",2023-01-08,2024-12-16,2412.63,49,False,A,8,being everything gives later later recorded in understanding resistance explanation station agreement 5 likely Western deputy Doug AFP 80 26 5 5 Mt 40 SES 23 5 Mt 25 5 Mt 5
1193,power though 5 2 Mt 2 W 5 2 5 13 W 15 5 Mt 48 5 23 48 5 5 2 1 oil 5 5 40 Mt 2 48 5 1,sylvia18@example.net,552-610-7064,"9896 Wells Plain, Roachview, UT 41031",2022-08-29,2025-02-01,2162.51,16,False,C,4,they remaining 40 disaster thought Waugh arrested there places 5 followed 5 were that believes 10 swept 24 Mt Mt 5 18 Mt Mt 5 2 5 5 1 On 23 5
1310,rest News Geoff 5 AFP 23 5 5 5 24 5 5 5 40 25 Mt W 23 40 5 2 26 5 23 AFP 5 24 5 5 5 5 my,lrobertson@example.net,830.936.6795,"775 Hayes Stream, Newtonfurt, NY 15506",2023-02-10,2025-05-20,3224.39,25,False,C,5,severe yesterday station contested following resistance 40 manager residents Immigration fighters understanding two understand sent top 5 23 2 23 23 40 24 2 W 23 As 5 2 15 5 2
1279,Service toll keep Illawarra If Mt Mt 23 40 40 5 40 15 40 5 40 Mt 1 23 W Mt 5 5 40 No 26 23 Mt 2 Mt 25 5,ikline@example.org,(884)923-8812x545,"82084 Davenport Shoals, Lisaland, MA 03705",2025-02-08,2025-03-01,4105.07,21,True,C,3,returning save East accident understanding circumstances seeking interest Britain Wales could week 5 5 Professor happy Europe 1 15 5 23 23 Mt 5 18 5 80 26 5 5 40 40
1276,light way 5 As No 2 13 23 40 15 13 1 5 Mt At 23 W No 23 26 23 15 25 23 Mt 5 5 1 Ms 23 26 2,jgilmore@example.net,001-434-990-2940,"9712 Heidi Corner, Johnsonmouth, OR 75605",2021-03-07,2025-08-02,1325.81,17,False,C,8,least 5 course largest hearing 26 2001 5 5 Africa Blue West 5 No business oil 15 23 Ms 40 5 Mt Up AFP Mt Mt 23 40 40 Mt 40 5
1171,services Federal try 23 40 Mt 5 40 5 15 Mt 5 Mt 5 2 Up Up 5 18 26 25 48 23 40 5 5 25 23 AFP 15 23 5,barrettallison@example.net,257.699.9032x059,"70394 Crystal Motorway, Port Brenda, MT 88487",2021-10-11,2025-07-02,3007.78,49,False,A,8,president government though company region different happened resistance situation along weather statement 5 He 5 5 Doug Mt 14 25 5 2 23 40 5 Mt 26 23 5 13 Mt Mt
1441,deployed place 5 5 48 2 18 48 25 1 2 25 Up 26 40 Mt Mt 2 5 40 5 5 23 Ms 2 40 Mt 23 5 5 Mt 5,ymcdonald@example.com,001-700-515-4977x039,"USCGC Bartlett, FPO AA 37263",2023-03-19,2025-12-08,4531.44,35,True,C,4,remain planning Austar Williams these of captured her significant saying going now fighter these 5 5 Ms Mt 25 23 Mt 40 23 25 23 5 5 1 23 Mt 5 23
1081,central starting 5 5 5 1 80 18 24 23 26 2 Mt 2 23 23 1 Up 5 80 40 Mt Mt 15 W 5 40 5 5 24 23 Mt,gonzalezjustin@example.org,727-948-5546,"4114 Sarah Ranch, Benjaminhaven, NV 78543",2025-11-16,2025-10-04,2397.46,35,False,A,7,After threatening responding greater soldiers responsibility affected knew captured storm station allowed resolution something confident air 48 Mt 80 23 Mt 5 W Mt 26 5 1 5 23 2 15 40
1462,5 State 5 5 48 40 18 Mt 13 1 40 23 24 25 2 5 Mt 14 5 48 14 Mt 40 Mt 23 15 80 5 5 W 5 5,acostakimberly@example.net,+1-622-553-8212x611,"1378 Sanders Wall Suite 574, Jonathanmouth, MI 11559",2025-03-10,2025-09-21,3981.52,33,False,C,7,on yesterday bill confidence assistance Another president do we 5 forecast fast locked 5 I Team 11 5 23 5 5 5 5 Mt No Mt 5 5 24 15 No W
1154,5 everything Adam 5 48 5 40 5 13 2 25 23 23 15 5 25 Mt 5 40 W Mt 24 Mt 40 13 1 5 5 Mt 23 25 26,lford@example.org,265-212-9523x73926,"85661 Kim Courts Suite 283, Lake Christine, ME 22978",2022-09-04,2025-05-01,2958.41,9,False,A,1,looking planning thought resistance commanders can hijacked throughout enter act where whatever first 5 5 before Mayor 13 23 2 5 40 25 Up 23 25 Mt 18 5 5 26 5
1000,nothing without 5 5 23 40 23 5 23 5 5 23 25 Mt 23 2 If 23 Mt 40 80 5 5 40 5 23 40 5 Mt 5 26 14,paul08@example.org,512-947-9185x6108,"826 Mathis Mountains, North Frank, MO 67897",2021-09-24,2025-11-01,4995.35,13,False,C,6,the bowling water swept wickets event more condition Australian 5 their issue Service different really fair Al W 25 80 5 15 Mt 23 HIV 5 5 Mt 5 5 25 SES
1285,million calling rival Mt 5 5 1 Mt 25 2 23 26 25 W 5 UN 23 40 18 25 40 Up 5 5 2 23 Mt Mt 1 25 5 Mt,kelseyanderson@example.org,+1-949-682-6902x9519,"643 John Orchard, Port Logan, AL 24558",2022-12-02,2025-02-13,1749.24,18,False,A,6,court course former nothing leading whatever believes thought threatening of everything station denied 5 Ariel 5 5 40 5 21 14 5 5 5 2 40 23 Mt 26 5 15 1
1264,containment Peter 5 40 5 1 Mt 5 23 25 23 40 5 25 5 5 5 2 2 Ms 5 Mt 25 23 14 Up 15 5 Mt 2 5 18,fuenteshayley@example.com,593-936-2237,"351 Christopher Dale Apt. 144, North Eric, RI 18368",2021-03-06,2025-11-24,835.15,30,False,C,3,coming following thought where accident appeared 5 still representation led what water recent storms 5 5 5 5 13 my 2 15 25 5 15 23 23 25 5 5 23 23
1361,raids representing remains 48 25 5 23 As 23 Mt 2 5 48 40 15 23 23 No 5 5 2 25 5 40 25 25 15 5 5 2 26 5,fullerkelly@example.net,(921)543-1168x183,"107 Bell Trace, New Meganland, GA 16056",2025-04-21,2025-09-16,36.81,31,False,A,8,Federal come delivered opening forward for Ansett better like 5 air address 5 be town hundred Mt 40 48 23 Mt 40 2 25 Up Mt 5 26 Mt 23 5 AFP
1341,shot killing 5 5 23 40 5 Mt 2 23 2 40 5 15 Mt 40 23 40 5 Mt Up 80 5 2 25 1 2 23 24 24 1 18,millerdawn@example.com,001-454-392-1590x3435,"32532 Jasmine Views, Cynthiashire, SC 06505",2022-04-03,2025-06-10,943.75,22,False,C,6,blasted nothing government suggested other 5 understanding leading understanding at during something 5 5 disease Chief HIH 25 5 Mt 5 24 40 Mt Mt 5 5 2 20 80 14 blaze
1371,reveal absolutely my 5 23 5 5 5 5 SES 13 25 26 25 2 15 5 23 25 Mt 23 Mt 25 14 23 14 5 Mt 40 1 23 Mt,chelsey42@example.com,3045043764,"368 Cruz Drive, South April, PA 07994",2025-02-19,2025-11-24,4995.35,34,True,C,8,staying anything Pakistan administration together sending data whatever militant yesterday expressed severe nations read whatever 21 Mt 5 26 Mt 26 Mt 5 15 2 26 5 As 5 5 25 Mt
1244,president Alliance 5 5 Mt 5 40 5 48 5 5 40 W 80 48 5 5 Mt 2 5 Mt 1 23 As Mt Mt Mt 23 As 5 23 HIV,sarahsherman@example.org,826-999-6655,"1919 Karen Knolls, New Andrewhaven, AZ 45459",2025-08-03,2025-11-08,3324.02,44,False,A,4,fast are positions settlement announced 5 just decide though whereabouts warned heading nothing everything Richard 5 14 23 25 23 Mt 40 2 2 5 2 Mt 5 26 25 2 5
1226,so number Glenn 5 14 2 1 2 Mt 5 48 25 5 18 Mt 24 5 5 15 40 23 No 14 23 23 2 23 5 23 40 Mt HIV,michaeljohnson@example.org,+1-592-661-6097x0765,"572 Stanton Wells, Lake Shannon, NE 33266",2024-02-01,2025-03-11,2047.1,33,False,B,3,nothing international commander entered security wounded understanding believed tough level interest this landed believed protect 5 gun 5 25 5 5 2 5 Mt 2 23 5 25 23 23 15 UN
1154,homes appears 5 40 5 15 26 Mt 1 Mt 5 5 80 SES No 20 2 1 40 5 2 23 5 5 23 80 40 23 5 Mt AFP 2,ddavenport@example.org,240-558-6689,"8212 Murphy Prairie, Williamsland, VA 93402",2023-10-10,2025-04-16,738.4,30,False,A,8,convicted Parliament confirmed pulled reached proposed fighting Whiting police concerned coming planning understanding understanding Commission success look 15 5 2 Up Mt 5 5 40 1 23 5 5 5 23 5
1232,understanding opening 5 13 23 2 40 Mt 40 14 5 5 Mt Mt 5 5 26 1 2 2 20 40 13 2 25 Mt 80 5 Mt 5 5 5,fkelley@example.org,583-983-9873,"961 Owens Ridge Suite 311, Gillespieville, GA 90603",2024-07-17,2025-03-15,1125.42,27,False,B,6,with reports between whatever manslaughter fighting severe enter reached The insurance tough flying refused cancer doubt 40 13 1 W 5 5 2 80 14 No 5 5 1 5 23 HIV
1292,series against huge 13 1 Mt 23 2 5 23 23 40 Mt 25 23 1 40 40 23 No 5 80 1 25 2 13 13 1 1 2 23 5,ashley52@example.com,(522)784-9010x316,"775 Hayes Stream, Newtonfurt, NY 15506",2024-09-19,2025-08-01,1791.9,3,False,B,10,over acting nothing remaining understanding containment later representing residents everything rest whatever Detention confirm Shane Bill 13 5 23 23 Mt 2 48 5 2 23 5 W 2 23 5 23
1468,commanders understanding 5 No 80 25 5 25 150 5 23 5 23 2 23 5 Mt 1 Mt 2 Mt 25 14 40 No 23 HIV Mt 5 40 2 5,jeremy97@example.org,746.228.9931,"55484 Todd Pine, Lindaborough, AK 71324",2023-05-01,2024-12-21,3058.87,19,False,B,4,comes accused following beginning administration conditions cricket give statement related continued understanding unidentified planning 5 5 5 Mt 2 1 23 25 1 40 5 23 5 5 2 26 23 40
1391,Earlier understanding role Daryl 23 Mt 23 2 5 40 80 5 26 23 5 23 40 23 5 23 2 23 2 1 Mt 25 2 13 Mt 5 Mt 48,blakejeffrey@example.com,454-536-2430x50280,"25833 Hess Center Apt. 874, New Lorifort, ID 86690",2021-03-26,2025-07-13,1451.47,1,False,C,4,completed need things planning greater confidence calling says six Al 5 5 5 5 5 5 5 40 15 40 14 5 1 Mt 40 2 5 5 5 2 5 5
1309,since holding 5 5 Up 14 23 2 5 26 25 24 5 Mt 5 15 2 23 Mt 5 Mt Mt 23 Up 2 5 Mt SES Mt 23 5 Mt,stephen91@example.org,+1-931-842-5885x026,"197 Watson Junction, West Anamouth, NV 14156",2025-07-09,2025-05-08,3811.5,37,False,B,9,winning acting week rest 5 movement innings confidence authority 5 5 Mt 5 there Qaeda Radio 48 24 2 25 5 25 5 my 1 5 23 2 23 48 2 23
1197,killed containment attempt 80 Mt Mt 23 1 1 25 5 5 24 Mt 40 Mt Mt 23 23 2 Mt 1 48 80 23 Mt 5 2 1 Mt 80 15,lisabrady@example.net,799.847.8362x4639,"9488 Johnny Flats Apt. 926, Lake Rachel, FL 35389",2025-07-09,2025-07-02,705.46,41,False,B,8,not threatening ever morning never representation concerned understanding entered going recent male these case House match ask 5 5 40 2 40 40 5 5 18 5 14 1 80 40 5
1463,management Services 5 5 18 Mt Up Up 5 21 Mt 5 2 15 40 5 5 25 W 5 Mt 1 40 2 23 1 5 2 23 23 40 2,hornjames@example.net,951-426-0897,"423 Michael Meadows Suite 155, Lindaville, KY 94040",2022-03-22,2025-01-10,1994.83,29,False,A,6,representing series 5 losing suicide due understanding though resistance searching working its served something One St 5 No Mt 2 23 40 5 2 25 40 AFP 40 1 No 48 Mt
1268,Western appeared 5 5 W 2 5 25 15 Mt 23 25 26 5 W 23 23 2 40 80 24 5 5 13 Mt 15 W 5 23 40 Mt 2,cbridges@example.net,(522)784-9010x316,"PSC 4140, Box 9926, APO AA 64357",2021-01-29,2025-01-01,1561.07,12,False,B,10,suggested north later least although leading placed official them feel understanding 5 clearly Hewitt 5 5 5 23 26 23 5 40 40 25 5 Mt 23 5 5 2 Up 26
1430,American looking 5 5 5 5 5 Mt 14 5 2 No 23 5 Mt 1 Up W Mt 23 5 5 2 5 23 HIV 5 5 23 23 23 1,jesus55@example.net,326.693.2510x581,"PSC 0410, Box 7864, APO AE 18120",2023-05-21,2025-02-12,1899.61,30,False,B,6,shot nothing initial conditions responsible understanding hearing every gives understanding operations sentence parties 5 5 5 5 Mt 2 23 2 2 26 5 5 5 5 5 15 40 Mt 26
1138,believes receive 5 5 5 5 Mt 2 25 Mt 5 W 23 1 5 Mt W 5 Mt Up 15 5 5 40 Mt 1 40 Mt 13 1 5 Bonn,lucas11@example.org,(325)439-7394,"9864 Michelle Union, Port William, SD 59886",2024-08-27,2025-03-14,3195.82,22,True,B,10,rest Nations entitlements if others planning working sort suspected of he AFP 5 5 5 5 15 23 5 5 5 40 25 48 5 23 2 5 40 40 5 Mt
1265,confidence worked squad Lee Mt 5 13 5 40 5 5 5 Up 14 Up 5 UN 25 2 5 5 23 23 5 40 2 5 80 1 Ms 24 2,lwright@example.org,+1-355-854-1923x20901,"4710 Andrew Drive Suite 965, South Kevin, MS 74865",2022-12-02,2025-10-25,3419.7,31,False,B,3,5 something comes information wounded Qaeda Commissioner confident really of rest markets 5 others Tora 80 run UN 5 5 15 2 5 5 Mt 5 Mt 40 2 14 Mt 23
1357,conducted happy avoid 5 5 25 48 my 23 5 15 1 2 2 24 5 15 Mt SES 5 24 5 5 80 48 5 23 25 Mt 1 Mt 2,jessicamedina@example.org,830.936.6795,"9547 Jessica Knolls Apt. 448, Port Brittney, WV 87504",2024-10-23,2025-10-20,399.92,32,False,A,1,those because expressed confidence received rest massive West station Authorities hearing 5 throughout 2 25 5 10 25 18 80 23 Up 24 25 2 80 5 25 On 5 Mt W
1104,stand hearing 5 Mt 40 5 2 As 23 40 2 23 Ms 18 40 2 Fatah 25 Mt 5 Mt 5 SES 5 Mt Mt Mt 48 80 5 40 5,barrettallison@example.net,+1-348-718-4422x01859,"1619 Dougherty Inlet, Butlermouth, ID 71324",2025-04-10,2025-05-24,3694.07,14,False,B,7,receiving statement they contested four later whatever 5 commission 5 5 detainees 5 5 5 5 5 5 40 Mt 40 Mt 1 5 23 15 Mt Mt 25 23 2 14
1211,retired then 5 ASIO Mt 23 5 2 1 18 5 1 Ms 25 40 Mt UN 150 5 5 2 21 23 5 23 40 AFP 1 5 23 Up Bonn,priscillaray@example.com,001-260-603-7245,"84815 Christian Viaduct, North Brianport, NV 30273",2025-12-04,2024-12-21,4119.19,49,False,A,1,enter seekers The after bring taking believe staying no 400 commanders still rather returning that 5 5 48 5 1 25 As 15 5 2 5 23 40 23 Mt W 2
1163,problems greater 5 5 40 Mt 1 23 5 2 5 23 26 14 5 2 40 Mt 1 23 Mt 5 Up 23 ANZ 5 1 2 5 15 Mt 23,lisathomas@example.org,542-862-7601,"058 Thomas Parkway, New Ryan, MN 68680",2023-07-12,2025-08-07,298.12,49,False,B,4,revealed then rest changes without condition then Seles representing understand turn matter fired concerned 5 Andy New 25 80 1 26 5 25 5 Mt Mt Mt 25 Up 5 26 23
1462,seen investigating happens 5 23 48 Mt 40 23 25 1 Up 2 25 13 Mt 150 5 14 5 26 2 24 5 40 40 1 1 26 Mt Mt 5,forddonna@example.net,212-915-6901,"61536 Jones Green, East Andrea, VI 22288",2025-06-18,2024-12-10,4556.39,16,False,A,3,bowling television really together series questions authorities ever Kandahar Government severe 5 5 knew 5 14 5 5 40 25 Ms 15 15 5 5 W 5 Mt 24 1 24 40
1340,militants injured 5 5 2 14 Mt 5 24 Mt 23 25 80 23 25 As 5 25 Mt 23 5 2 23 48 26 40 23 5 40 15 23 40,willisbenjamin@example.net,846.443.2882,"76958 Jones Grove, Williamsburgh, UT 27356",2023-11-19,2025-02-25,3808.14,8,True,C,4,Mountains greater wounded residents commanders containment fighting Lording place assistance 5 former 5 5 5 5 news 150 23 1 5 5 Mt 26 2 80 25 23 Mt 25 5 26
1172,5 accused Europe 5 26 23 Mt 5 15 15 5 2 23 48 25 15 25 Mt Mt 5 23 40 5 25 23 40 23 15 26 5 Up 15,scottbaird@example.org,(924)255-5086,"990 Scott Union Apt. 437, West Patrick, SD 44090",2023-07-12,2025-06-21,1789.1,22,False,B,7,reached nothing here station understanding allowed nothing nothing station condition Boxing even paying fast 5 5 15 40 23 25 5 25 15 23 25 2 Mt 24 5 5 1 23
1321,Australia choosing 40 23 2 2 15 5 2 5 25 5 23 25 23 5 5 18 5 23 5 5 Mt Mt Up 48 23 5 Mt HIV Mt Mt,bennettkristin@example.net,+1-769-594-5094x149,"8654 Walker Landing, Judithbury, WA 33253",2023-05-06,2025-11-17,4141.95,20,False,B,5,building rest firefighters calling fighter Department waiting acting land thought delivered 5 5 5 5 5 SES 40 23 Mt 5 23 15 1 Mt Mt 5 Mt 23 5 5 1
1219,series interest 5 5 23 25 5 5 5 5 5 5 23 5 2 15 1 Mt 5 5 HIV 2 SES No Up 48 23 15 25 15 23 Mt,david41@example.com,962-808-4907x9240,"240 Long Grove Apt. 307, Lake Jeffrey, MN 70266",2025-10-03,2025-10-04,3978.24,33,False,B,10,assistance what weather nothing entered first resolution believed really director West now 5 5 5 5 23 SES Mt As 2 23 1 If 23 80 40 14 SES 25 5 12
1153,attacks Sharon 5 5 23 2 40 23 26 UN AFP 5 23 5 23 48 1 5 Mt 40 1 5 23 5 1 5 2 2 5 40 5 No,kennedyjeffrey@example.com,276.925.0266,"USS Arellano, FPO AA 03673",2021-02-04,2025-02-01,3701.27,49,False,C,10,planning moved understand authorities responsibility resolution services condition helicopters allegations follows coming working hoping change 5 150 5 23 5 5 2 23 26 Up 2 5 23 48 blaze Mt 5
1345,champion leadership 5 5 Mt 25 5 80 23 Up 5 5 5 5 5 5 80 2 48 Mt my 5 Mt 1 Up 5 2 2 18 2 5 Up,ramireznicole@example.com,001-242-228-7035x132,"61536 Jones Green, East Andrea, VI 22288",2023-01-28,2025-08-11,1757.76,24,False,A,7,probably treatment growing another saying confirm started shot your later new Australian 5 death Europe Radio am Mt 2 Mt 23 26 SES Mt 2 AFP 2 As 25 2 Up 40
1243,same questions 5 5 40 1 5 2 23 80 SES HIV 1 23 5 Mt 5 Mt 48 23 1 5 40 5 5 Mt 40 2 2 15 Up W,kpatterson@example.org,771.496.3232x04491,"5840 Adams Ports Apt. 104, Hansonbury, ID 99464",2025-08-03,2024-12-19,2950.59,31,False,C,3,without incident training coming starting those understanding believe leaving continued first nothing nothing captured Lockett 40 Safety 5 25 5 Ms 23 1 5 15 1 14 23 If 5 26 25
1268,Hill fighting Up 5 5 2 5 25 40 2 W 23 HIV 48 2 15 15 1 13 26 40 40 2 1 Up If 5 13 23 23 5 40,vwagner@example.com,8405908353,"0853 Moore Route Suite 983, Amberland, HI 10498",2025-07-24,2025-02-19,3763.05,33,False,A,9,decision understanding from understand wanted hospital her Crean service commander present 400 5 5 5 5 5 5 24 26 5 23 2 23 5 Mt 5 Mt 26 No 5 2
1208,assistance several Nauru 2 Mt W 2 5 5 AFP 23 2 5 5 23 23 Mt 5 5 23 Up 25 23 Mt On 5 23 5 SES 5 W 5,jeffrey81@example.com,556-934-8635x1218,"318 Brooke Place Suite 812, New Sandra, KS 99178",2024-01-12,2025-10-07,1936.3,26,False,A,5,burning west believed water fires Allan everything this though bombings full prevent has throughout have Energy 5 5 5 SES 23 W 23 26 5 1 Mt 5 23 Mt 5 48
1025,far responding Lee 23 Mt 24 2 23 5 2 26 5 5 23 No SES 1 Mt 23 5 25 HIV 25 Mt 5 5 40 48 25 As 48 5,johnsoncory@example.com,770.997.9624x570,"45328 Richards Via Suite 574, Port Catherinetown, SD 66248",2025-05-18,2025-07-02,4995.35,35,False,A,4,fires moved refused if believed fires everything over residents station Laden currently than The Team Mark If 24 2 5 5 2 2 23 5 5 5 23 5 Mt 1 2
1344,whatever will 5 5 48 5 13 5 80 24 23 Mt 80 23 25 Mt 23 5 1 5 5 40 Mt 5 23 13 Mt Up 13 24 5 5,erik30@example.org,(661)794-2086x1188,"280 Crosby Burg, Sherryview, NM 41863",2023-02-17,2025-01-18,3543.12,20,False,B,3,understanding sentence believes traditional whatever threatening commander resistance nothing yesterday explanation released explanation following 5 rule St 23 150 40 40 23 26 5 5 5 Nauru W 5 5 5 No
1158,increased 5 my If 1 2 5 24 Up 2 AFP 25 5 Mt 5 Mt 25 Mt 5 No Ms 2 5 5 5 Mt 23 2 5 23 5 13,ramosdaniel@example.org,(444)515-0053x50837,"02417 Casey Vista Apt. 071, North Laurenshire, GU 58266",2023-09-02,2025-01-08,3334.99,1,False,C,9,described condition threatening lives threatening expressed There 5 we 5 the 5 President 5 create 5 40 5 23 5 2 5 25 80 1 23 2 1 2 14 SES W
1202,stand need Tony SES 5 25 23 23 Mt Mt 48 26 2 Mt 5 5 25 Mt 5 13 23 5 Mt 5 1 5 15 23 5 25 2 2,woodbrian@example.net,240-558-6689,"35615 Jones Trafficway, Katrinabury, MO 95441",2021-04-14,2025-09-24,2661.09,23,False,B,4,understanding matter responsible understanding on proposed they expressed Adam of 5 5 5 5 5 5 Kabul Mt 5 40 Mt Sir W 80 5 2 Mt 5 13 25 15 2
1481,cancer still stopped 1 2 23 26 40 Mt 5 48 15 5 2 26 5 5 23 SES Mt 40 Mt Mt 5 5 Mt 23 Mt 14 If 23 5,brandon70@example.org,001-919-265-6091x212,"1378 Sanders Wall Suite 574, Jonathanmouth, MI 11559",2022-04-04,2025-02-02,2216.09,8,True,A,10,on confidence Test to representing leaving radical Palestinians 5 that continues real something confirmed key life law 5 5 2 40 40 14 23 23 1 5 25 23 1 2 5
1408,Ms heading these HIH 23 Mt Mt 2 5 5 5 Mt Mt 5 13 23 1 5 1 5 5 SES 26 AFP HIV 23 5 80 40 26 HIV 1,lisabrady@example.net,989-299-4101x185,"706 Taylor Isle, North Annatown, FM 73135",2022-02-16,2025-05-01,742.93,33,False,A,4,hearing West giving condition hoping together they here them 5 5 at network 5 5 5 25 W 23 1 5 Mt 40 40 Mt 40 As Mt Mt HIV 25 AFP
1187,Powell connection On 5 Mt 1 5 5 80 2 5 15 Mt 14 23 5 Mt 5 2 5 40 Mt 40 26 5 24 18 23 13 1 23 23,qgreene@example.org,345.679.7426,"USNS Bartlett, FPO AP 65936",2023-11-06,2025-03-30,3832.61,36,False,A,4,understanding news resistance infected bowling winning showed start commander residents nothing 5 5 5 5 5 bit Mt 40 5 5 23 23 23 5 24 23 HIV 48 25 40 1
1128,home morning Afroz 5 40 48 5 40 1 5 13 25 Mt 5 Up As 26 5 5 14 40 Ms 48 1 5 15 15 23 23 13 2 5,paul08@example.org,+1-479-381-6889x705,"3376 Clark Mountains Apt. 406, North Alexisfort, AS 90592",2021-03-07,2025-06-01,2220.11,25,False,B,3,fighting are carrying proposals order National threatening these station organisations traditional races Bonn 5 then 5 5 Mt 1 5 40 48 25 Mt 40 Mt Mt 5 48 25 Mt 14
1293,make Several On 5 Mt 14 5 5 23 SES 2 Up 5 5 5 23 24 2 1 Mt 25 2 24 25 40 5 23 26 80 1 23 SES,collinselizabeth@example.net,+1-606-382-4241x60219,"73925 Taylor Forge, West Tamarahaven, NE 22781",2022-07-20,2024-12-21,2317.89,6,False,A,3,understanding paying Peres cannot coming about conducted resistance everything administration unidentified have service believed Security 5 Europe 13 25 15 5 Mt 5 23 40 blaze Up 5 5 40 25 5
1194,win greater Sarah 14 5 24 26 26 5 HIV Mt 2 24 5 SES 26 1 5 HIV 1 5 5 5 UN 15 23 2 5 15 5 5 80,fkelley@example.org,972-770-8041x69526,"50937 Adams Turnpike, Robertsberg, MD 51280",2022-10-05,2025-02-12,1454.53,30,False,C,4,who canyoning against things plans make entered Rafter 5 5 5 5 5 5 13 Fatah 5 Mt 18 2 23 Mt 40 2 Mt 15 5 Mt 5 25 5 AFP
1342,5 create 5 5 Mt 23 40 HIV 5 5 25 48 5 5 5 15 2 23 2 24 W 40 Mt 2 5 5 1 23 5 UN 1 23,wilsonmichaela@example.com,280.486.5741,"PSC 0102, Box 9776, APO AP 64424",2025-01-20,2025-08-06,4391.88,13,False,B,10,in residents International Australians appeared enter presence yesterday police 5 Nations As initial Hobart 5 5 AFP 48 1 Mt 23 5 5 Up 2 5 5 5 23 15 2 2
1296,fact all Owen Sarah 25 2 48 5 23 Mt 23 13 23 23 5 2 13 15 48 W 40 23 5 15 AFP 5 13 23 5 5 2 5,donnahicks@example.net,(924)255-5086,"55144 Emily Ways, West Sherri, CO 26104",2024-02-21,2025-03-24,1348.58,30,False,C,5,responsibility resistance around Western should delivered based without anything matter retired must related department operations bus ASIO 1 5 1 24 5 5 80 48 2 Mt drug 5 5 Mt 23
1146,least cancer 5 5 5 5 5 5 80 5 Mt 5 48 23 No 23 2 Mt 26 1 Mt 2 drug Mt Mt 5 Mt Mt 1 Mt 40 5,brandon00@example.com,200.381.9275,"058 Thomas Parkway, New Ryan, MN 68680",2022-05-28,2025-05-11,2298.53,49,False,A,3,us acting southern concerns explanation Osama Indonesia third in gas we 5 for administration 5 5 5 2 24 13 Up HIV 5 23 23 2 48 2 Mt 26 2 5
1363,aware young if 23 W 40 2 23 40 2 40 1 5 5 23 25 Mt 5 SES 2 25 5 1 40 Ms 1 48 5 No As Mt 40,westcharles@example.com,719.341.8033x33615,"030 Mariah Loaf, Fredericktown, OH 88038",2022-04-03,2025-10-15,86.65,13,False,B,5,tough rest entered assisting arrested action because everything weather hoped killed 5 5 Wales few 5 5 1 1 18 Mt 5 25 2 23 Mt 23 26 13 25 Up Mt
1137,matter confident 5 5 Mt If W 40 80 5 5 40 Mt 5 1 5 No Mt W 40 5 5 2 48 23 Mt 5 23 5 5 23 23,richardkrause@example.net,5794489765,"9090 Riley Drives Suite 425, South Amanda, CT 74976",2023-05-01,2025-06-04,1593.86,18,False,B,8,position placed saying very carrying service almost their four fight 5 there three finding event must 5 2 40 23 5 2 2 2 25 blaze 18 Mt 26 As 40 26
1120,hoping whether Krishna If 5 5 5 Mt 25 25 80 5 5 Mt 2 25 Mt Mt Mt 23 Mt 5 5 1 5 5 5 23 2 AFP Mt 40,meganflowers@example.com,881-586-8143x513,"919 Lee Row, Michelebury, PW 26454",2025-08-15,2025-04-28,22.15,1,False,A,8,threatening at no understanding allegations concerned Detention international waiting concerned representing 15 5 have Dr Peter go 25 Mt 2 5 26 Mt 25 5 25 5 If 5 150 13 23
1176,an sea hotel 150 80 23 2 26 5 UN 5 Mt 5 Mt 5 1 5 23 2 5 W 5 Mt 5 40 5 80 5 Mt 13 23 23,meganflowers@example.com,+1-459-509-0445x794,"60202 Luis Extension, Johnville, VT 98448",2025-08-19,2025-04-28,4825.73,24,False,B,9,responding sent incident representing president hoping man sentence strong leader chance diplomatic resume that my 5 23 5 2 23 5 1 Mt 23 25 5 25 25 23 25 2 5
1153,5 accident It 5 15 26 23 23 40 Mt 2 23 1 25 1 Mt 80 2 5 Mt 5 W 5 1 SES 40 5 48 Mt 2 23 1,williamssamuel@example.org,875-674-2673,"USCGC Payne, FPO AE 79893",2021-09-08,2025-06-29,4995.35,3,False,B,4,intelligence to leading whether call interest Kandahar statement resolution wounded counts Jewish 5 abuse Africa decided He 25 23 1 23 2 Up Mt Up 23 5 5 14 Up 40 5
1244,One 80 24 5 Mt 24 Mt 5 2 Mt 23 15 5 5 25 2 25 80 Mt 40 Mt 48 If 2 15 If 1 Mt 23 Mt 13 Mt,jonathanwebb@example.net,(733)331-2040,"995 Thomas Harbor Suite 773, Ryanchester, MS 13583",2024-04-10,2025-11-13,3203.24,10,False,B,6,understand that former first 5 tensions crowd 5 not day find thought gone everything lower Mt 5 1 5 5 23 5 80 40 25 Mt 5 Mt 5 5 48 40
1297,just response 15 Up 23 Mt Mt If 5 5 23 AFP 48 5 5 Up 25 25 5 5 Mt Mt 14 26 40 Mt 23 5 2 14 5 ANZ,dwhite@example.net,+1-588-618-6910x41725,"371 Young Parkways Suite 576, East Sarahview, NJ 57106",2025-04-10,2025-04-25,3842.1,44,False,C,7,clearly fast later decided options can starting residents responding explanation understanding position meeting wounded races global run 23 5 1 5 40 Ms 5 23 23 Mt 13 SES 5 48 40
1031,weather Austar Brett 5 5 26 25 5 23 2 5 2 25 5 5 Mt Mt 150 Mt 25 23 80 80 23 No Mt Mt No 5 5 15 23,caitlynfisher@example.com,345.679.7426,"9712 Heidi Corner, Johnsonmouth, OR 75605",2025-04-05,2025-07-02,781.94,16,False,B,7,concerned her settlement carrying believe detain her understand rights 5 5 5 first December options 5 5 25 5 No 1 23 Mt 2 14 25 80 1 5 13 25 Up
1495,National 5 5 5 2 15 25 5 1 Mt W 1 25 26 2 40 5 5 2 Mt 1 5 40 Mt 25 5 Mt Mt 1 23 40,levyanne@example.net,878.908.7950x0163,"72075 Joshua Cape Apt. 656, Lake Jessica, TX 46371",2025-07-01,2024-12-13,3852.42,1,True,C,5,what expected caused administration followed can later not Party office leaders brought Channel enter caused first 2002 13 5 5 13 5 Up 5 Mt Mt 23 ANZ 5 23 2 5
1000,Immigration handed Reid 80 Mt 1 14 5 ANZ Mt 5 5 Mt Mt 5 23 5 5 5 SES 13 1 5 25 14 23 24 1 5 2 5 Mt,johnsoncory@example.com,001-984-795-8731x8596,"826 Mathis Mountains, North Frank, MO 67897",2025-03-29,2025-06-09,1915.32,26,False,B,7,opposition response understanding Friedli everything of giving than 5 5 5 5 5 5 5 5 23 Mt 2 Mt 25 26 25 26 5 25 23 1 2 23 If 5
1157,delivered enter house It 1 5 1 5 25 5 5 As Mt 5 1 23 5 5 5 W 5 23 Mt 23 23 Mt As 25 2 If 26 5,jasonspencer@example.net,(475)358-1990,"65971 Brian Hollow, Martinmouth, PR 35372",2024-06-24,2025-06-13,4248.54,34,False,B,5,you shopping thought rest starting better what severe entered Alliance 5 Western 5 5 activity force avoid 5 5 40 48 5 5 1 24 5 23 23 No Up 23 24
1243,arrived conducted 48 5 5 5 15 40 Mt 23 15 25 40 2 No 23 15 80 15 40 5 18 1 2 Up 13 5 5 25 As Mt my,helenmanning@example.com,+1-414-979-1844,"Unit 3723 Box 8082, DPO AP 69896",2023-01-21,2025-02-25,1804.83,26,False,A,6,president assisting calling we oil further changes them entered areas serious at this flights 5 rule 5 26 5 15 5 No 2 23 25 40 23 24 1 Mt Mt 1
1124,day unidentified Brett As 23 23 25 23 Up 2 Mt 1 5 2 Mt 15 5 25 26 5 Mt Ms 1 13 48 25 Mt 5 15 2 Mt 5,bennettkristin@example.net,916-420-4395x54907,"23334 Hernandez Run, North Jordanview, VA 37610",2021-05-03,2025-01-06,2489.4,8,False,A,8,announced resistance something Several responsibility contested then 5 5 5 5 5 whole 5 Philip 5 5 Mt 40 23 48 Mt 2 5 5 1 SES 40 23 1 Up 1
1268,Reid finding 5 5 80 13 25 2 2 2 Mt 2 5 15 Mt 5 Up 26 2 26 13 26 Mt Mt HIV 80 48 23 18 5 2 1,patrickclark@example.net,+1-355-854-1923x20901,"4153 Linda Curve Suite 305, Port Stacyshire, MP 29457",2021-07-07,2025-05-26,2176.57,38,False,A,8,putting intelligence region residents list post containment arrested chance enter declared 5 nothing factory 5 5 21 80 Mt Mt 40 No 23 Mt Mt 40 Mt 5 12 23 5 25
1259,her hard Assa 15 5 13 18 5 5 25 15 48 5 1 Mt No 5 18 5 23 2 24 5 25 5 5 1 26 2 15 23 25,charles77@example.net,746.228.9931,"971 Munoz Parks Suite 326, Port Drewborough, MH 00744",2024-07-12,2025-08-29,2543.9,33,False,B,10,everything there anything innings operations interest investigation concerned nothing information rest action station understanding week redundancy own Up At AFP 1 40 80 25 5 13 5 40 AFP 25 1 5
1090,secretary Interlaken 5 5 Up W 5 40 Mt 5 1 5 5 24 5 Mt 26 1 W 5 40 SES 23 5 Mt Mt Mt 1 40 Mt 5 5,lmyers@example.org,250-498-8680,"0223 Abigail Lock, South Jackieport, IA 08888",2021-10-06,2025-02-19,22.15,49,False,A,7,More delivered wounded 5 bringing administration here confirm 5 5 5 ANZ 5 law 5 5 5 2 23 26 25 25 24 5 5 13 2 18 2 5 5 24
1393,deal losing 500 26 Mt 23 15 23 1 5 Mt 25 2 5 40 23 80 23 5 23 No Mt 5 80 23 25 40 40 40 1 5 26,lucas11@example.org,4472145413,"997 Ryan Square Suite 937, North Katherineton, UT 89508",2025-11-15,2025-10-13,3388.82,16,False,A,10,including Detention nothing continues residents later proposed representation Zealand 5 5 5 5 5 5 5 due 5 5 2 5 5 15 Mt 1 5 5 15 Mt 23 40 Mt
1263,bombing sources 5 5 40 5 80 1 5 15 5 2 W 5 48 80 5 2 5 23 2 Mt 23 23 5 40 2 23 23 Mt 5 5,traciebryant@example.com,(217)282-4873x615,"97925 Jenny Wells Suite 400, East Daniel, WV 72121",2025-05-15,2025-06-29,4995.35,27,False,A,5,disaster concerned delivered power surrender fired ever Internet wave light 5 SES using 5 5 Europe 14 23 2 15 23 23 5 40 5 5 40 26 5 18 Mt Mt
1330,trapped information yet Mt 80 Mt Mt Mt 13 5 5 14 23 5 5 2 5 24 W 5 5 23 2 40 48 5 40 23 25 5 Mt 2,hferguson@example.net,+1-280-684-9635,"826 Mathis Mountains, North Frank, MO 67897",2023-08-20,2025-11-06,1961.05,27,False,A,5,the understanding manslaughter largest innings tough ability international militant night tape relationship 5 5 5 5 5 23 Mt Ms 5 15 40 23 23 18 13 48 23 1 40 5
1067,had arrested 5 80 5 23 2 48 5 Mt HIV 48 2 25 25 5 5 2 Mt 23 48 5 Mt 5 23 15 5 Mt 5 Mt 5 23,andre46@example.net,890.492.3672x02755,"2735 Nicole Plains Suite 843, Benjaminbury, KS 32422",2023-02-10,2025-04-13,394.96,18,False,C,2,think everything whether capital reject 5 working Detention actor these become top on minister warplanes some She Mt 5 23 5 23 2 Mt 25 5 5 5 5 2 Mt 40
1336,5 helicopters game 5 48 5 2 1 1 23 5 14 5 25 5 run 40 Mt 26 5 15 Up 23 25 5 Mt 40 26 13 13 23 5,alyssa05@example.net,001-382-690-7332x317,"04350 John Point, West Amandahaven, AK 60414",2025-11-16,2025-09-28,2993.55,28,False,A,5,leaving representing 5 operation employees There She far 5 report 5 5 5 same 5 5 5 2 5 No 24 Mt 15 2 5 Mt 5 23 26 5 Mt 1
1267,strong bomber 5 Mt 18 5 5 Ms 48 1 24 2 2 If 23 23 14 5 15 5 23 Mt 5 23 80 Mt 5 5 Mt 13 25 5,kpatterson@example.org,7292044752,"36028 Steven Extension, Lake Tylerstad, AK 10680",2021-11-08,2024-12-21,2358.78,1,False,B,1,in while canyoning think Mountains explanation known it Costello ANZ able 5 South 5 sort oil As 40 23 Mt 5 Mt 5 13 Mt 23 Mt Up 23 Mt 5 40
1301,Lord Peter 5 5 2 W 5 2002 40 SES 25 5 40 2 5 5 5 1 Mt Mt 5 40 5 1 26 5 2 Ms 40 40 15 15,helenmanning@example.com,+1-543-999-7559,"074 Hopkins Field Apt. 954, Aaronbury, UT 18581",2023-12-09,2025-09-20,748.57,13,False,A,4,entered nothing these caused used enter wounded unidentified fighter throughout station threatened following receive her 5 Lord 25 23 2 1 5 1 2 No Mt 40 5 Mt 1 2 SES
1379,interest its 26 my 23 15 26 As 23 15 26 23 15 80 26 UN 1 2 25 5 5 5 Mt Mt Mt 5 5 Mt 5 Mt 14 14,scottsmith@example.net,9035842266,"PSC 3652, Box 1104, APO AP 64892",2024-01-13,2025-11-10,605.09,24,False,A,10,taking Wales call entered political respond injured source after operations enter Immigration head fire 5 5 5 5 AFP No 5 5 40 2 23 Mt 5 W 5 2 40 13
1385,Workers bringing cent 5 40 5 40 15 Up HIV Mt 5 As 13 SES Mt 2 1 14 25 Mt 23 Mt Mt 5 2 Mt No 26 W 24 5,tammyvargas@example.com,251-887-6411x34482,"2293 Larry Pine Apt. 976, Cynthiaside, KY 71924",2021-10-14,2025-09-10,4061.39,22,False,A,8,confident television at enter receiving unidentified explanation station six for rest something they 5 Waugh 5 2001 48 23 Up 5 5 2 5 5 23 5 23 23 5 5 5
1195,whatever only 5 2 25 5 2 Mt 5 2 ANZ 23 13 HIV 5 25 24 5 2 1 5 No 5 25 15 2 5 25 15 5 5 23,brandon00@example.com,001-512-798-5657,"84888 Fowler Spring Suite 908, Perezport, TN 86076",2025-10-11,2025-07-08,2654.34,21,False,A,1,rest stand His and later move border after 5 they of telephone weather unemployment carry short 10 40 Mt 23 26 W 40 23 Up 13 2 5 2 5 24 Mt
1379,heading Austar 5 5 23 48 2 Up 5 Mt 25 26 25 40 40 2 48 48 26 23 2 1 Mt 80 5 No 40 26 2 5 5 15,julia81@example.com,5865950595,"98755 Barnes Cape Suite 438, North Stevemouth, AR 89055",2023-03-07,2025-11-10,2112.67,22,False,A,4,resistance there Neville comes Alliance into organisation enter that won after responsible each these there 5 Australians Mt 15 13 5 1 Mt 5 2 Mt 2 48 18 HIV Mt 5
1140,fighter severe agency Assa 14 5 W 48 Up 25 23 2 15 25 blaze 1 Mt 5 25 W 24 23 24 HIV 48 23 5 5 Mt 5 1 5,elizabethstevens@example.net,001-372-379-8462x802,"0512 John Squares, Oconnellburgh, FM 72032",2023-06-10,2025-11-13,4995.35,24,False,A,7,responding provisional hard of threatened after any revealed detain territories understanding resistance military something negotiations Senior Adam Mt Mt 40 W 2 5 14 23 48 5 Mt 80 5 2 No
1359,bit beyond Mt 5 23 23 23 23 1 5 5 If 26 HIV 2 48 2 23 Mt 40 1 1 As 2 2 Mt 5 48 1 40 2 1,jenniferbaldwin@example.org,7418955133,"60014 Collins Inlet, Lake Kaitlyn, AR 44699",2022-12-03,2025-04-17,3951.64,11,False,C,6,never understanding investigating rest responsibility organisation full 5 handling starting happened would 80 5 say 5 5 2 40 2 2 Up Mt 2 25 24 5 25 HIV W 5 23
1237,pulled immediately visit 25 5 Mt 15 80 Mt Mt 1 18 5 2 5 5 W 25 23 5 5 5 26 Ms 26 Mt 1 25 5 1 5 80,zcooper@example.net,809.827.8968,"USS Arellano, FPO AA 03673",2024-09-24,2025-03-01,4442.27,27,True,B,6,regional general water in affected money what major they 5 why attempt 5 Hamid 5 5 5 2 2 23 2 80 40 SES 5 W 80 5 2 1 5 SES
1000,greater 200 smoke 26 Mt 5 SES Mt Mt SES 5 23 5 2 2 5 Mt No 1 5 Mt Mt 25 Mt Mt 5 1 40 40 48 5 1,matthew71@example.net,280.486.5741,"2175 Jason Lakes Apt. 163, Johnmouth, VT 64405",2025-04-05,2025-05-30,1338.62,32,False,A,5,understanding offices think searching eastern four representation through every 5 attacks 5 water wickets Immigration 5 HIV 5 5 W Mt 14 80 5 23 48 Mt 5 5 5 1 Mt
1204,connection overall 5 1 25 5 5 25 18 5 Mt 5 80 Up 13 Mt 25 14 5 14 5 40 48 25 Mt Mt 5 Mt 26 23 40 5,kelseyanderson@example.org,(209)896-7639,"769 Edward Well, South Denise, VI 72466",2024-10-21,2025-07-17,1723.55,25,False,B,4,quarter in responding international followed together everything resolution eastern win 5 Woomera 5 UN 5 huge Mt 25 26 25 5 1 26 No Mt 48 No W Mt 2 5 80
1282,48 resistance 2002 If 23 2 1 15 5 SES 23 5 5 23 5 5 1 5 1 23 13 5 5 Mt Mt 25 Mt 1 1 24 18 40,vanessa42@example.net,(386)477-1510,"6172 Bennett Grove Apt. 735, East Michelle, VA 10956",2024-09-10,2025-06-05,553.21,24,False,C,6,saying man planning this believed these responsible show complex served chance 5 things 5 5 5 15 26 15 80 5 Mt 150 5 2 23 5 5 Mt 48 40 5
1092,completed match squad If 25 1 1 23 23 40 5 Mt 5 2 Ms 5 23 Up 5 ASIO Ms 2 25 23 2 5 Mt 2 Mt 2 11 23,bradleyhicks@example.org,257.699.9032x059,"050 Lindsey Spring, Rachelshire, MO 22580",2025-08-14,2025-05-12,3769.39,20,False,B,6,Western whether 5 understanding every responsibility claimed biggest speaking Defence staying companies nothing because more 5 Europe 5 2 5 Mt Mt 2 2 Mt 5 23 2 ANZ 5 40 2
1256,even comes Ms 40 2 5 1 5 1 23 Mt 1 80 5 40 5 23 26 1 5 26 Ms 23 2 23 40 If 24 40 Mt On 2,robertclark@example.org,790-901-1384x0271,"3265 William Flat, Jamesfurt, NV 77003",2021-07-07,2025-07-07,3351.77,34,False,B,6,condition caused blasted sentence severe severe representing understanding leading resistance resistance understanding they whether process 5 26 5 5 2 2 23 Mt 2 No 1 23 5 1 21 5 Up
1367,chance charges 5 23 23 Mt 14 Mt 18 W 23 23 Mt 1 5 26 25 40 1 W 26 26 40 2 5 5 5 40 15 No 5 2,emitchell@example.org,+1-989-463-8342x9451,"35265 Andrews Falls Suite 027, Taylorshire, GU 16964",2023-12-20,2025-02-15,2711.66,44,False,B,10,Wales served giant yesterday There member comes explanation 5 5 access 5 5 5 5 5 18 Mt Mt 15 5 5 23 40 23 5 Mt 1 W 5 5 23
1166,5 million 21 my 2 5 W Mt 2 5 25 2 26 5 5 Mt Mt 5 15 24 5 18 23 5 5 15 Mt 5 40 23 23 5,fmorrow@example.org,738-628-1089x773,"PSC 4140, Box 9926, APO AA 64357",2023-06-29,2025-01-11,4995.35,25,False,C,5,emergency meeting need interest cancer anything residents companies presence president resistance He 5 5 5 republic 5 24 5 48 2 25 HIV Mt Mt 25 2 25 5 40 5 80
1069,Suharto initial 2002 5 5 Mt W 40 13 23 Mt 23 40 5 26 HIV W HIV Mt 24 Mt Mt 2 5 23 SES 5 14 Up 5 2 Mt,pdavis@example.net,349.300.8749,"95623 Courtney Squares Suite 330, South John, KS 59785",2024-09-19,2025-06-19,1116.38,21,True,A,5,enter concerned statement observers returning what headed nothing there staying understanding five added continues without 5 5 5 40 2 40 40 26 5 5 5 40 40 80 If 40 2
1284,become sentence 26 doubt 15 Up 5 No Up 23 40 25 40 5 48 26 5 Mt SES 15 5 40 25 5 Mt 1 40 1 5 15 Mt 15,ykane@example.net,(323)425-0649,"16773 Estrada Meadows, Hopkinston, DE 84035",2023-10-01,2025-09-27,22.15,1,False,C,8,resistance region companies revealed understanding Western declared Detention understood starting 5 assistance likely 5 5 5 happy 23 2 48 5 Mt 25 5 2 Mt Mt 26 2 Mt HIV 5
1000,investigating races 5 5 13 5 23 2 2 25 5 1 26 23 5 1 15 Up 40 Fatah Mt 40 5 23 15 40 5 1 14 No As 26,dlane@example.net,300.460.3212x3837,"44774 Barbara Lodge Apt. 105, Stokesborough, IL 21424",2024-08-06,2025-09-10,1647.41,39,False,B,5,relationship later terrorist militants including enough detain Mountains what went far trees volunteers 5 5 Kabul 5 5 40 5 5 23 5 40 25 SES 2 23 23 48 5 5
1095,aged become Team Mt Mt 40 18 5 23 23 No 15 W SES 5 40 26 40 25 5 15 24 Mt Mt 23 48 Mt Mt 24 Mt Mt HIV,donnahicks@example.net,458-806-0957,"81187 Randy Islands Suite 689, Melindamouth, PW 18924",2024-01-05,2025-03-01,3378.66,21,False,C,1,nearly resistance understanding representation due representing bombing tailenders major station helped understanding injured Shane asylum MacGill Wayne Mt 5 26 1 Mt 80 40 48 Mt 2 Mt 5 5 2 Mt
1141,attempt singles would 26 5 40 ANZ Mt Mt 25 48 5 5 5 If 23 W 15 23 23 2 5 2 5 5 5 25 5 5 5 5 80,maryadkins@example.org,+1-498-503-8130x2568,"21528 Kristy Curve Apt. 514, East Austin, OR 28128",2025-02-03,2025-03-19,2477.42,37,False,A,6,biggest helicopters low president representing 5 old seemed staying 5 5 Indian 5 5 5 2 5 5 13 40 5 23 AFP 40 5 40 48 Ms 40 W 24 5
1161,things probably hope Fatah 26 23 Mt Mt 23 5 23 25 5 25 5 24 48 13 5 Mt 5 Up 2 25 14 5 Mt 2 Mt 2 5 15,trevorpacheco@example.com,(724)616-9672x41098,"81114 Robin Prairie Suite 034, West Kennethland, NM 36290",2021-03-28,2024-12-13,3656.78,37,False,C,7,manslaughter bringing captain Hobart returned delivered another acting minister nothing 5 5 5 5 5 5 23 25 Mt 25 Mt 23 5 Mt 5 5 5 5 5 Mt 5 25
1401,against Toowoomba 48 5 Mt Mt 14 48 2 40 24 Mt Mt 15 Up 48 Up 48 80 13 5 2 23 5 25 25 23 23 25 Up 40 15,howardlisa@example.org,552-610-7064,"94997 Anthony Coves, Laurenmouth, MI 97837",2024-03-05,2025-04-10,2417.41,12,True,B,9,containment severe planning 5 where what report play rain worked Hare 5 5 5 5 5 South W 1 5 W 5 5 2 48 26 150 AFP Mt 26 2 Mt
1391,case chance 5 80 2 23 5 2 Mt 23 Mt 40 Ms 80 1 2 Mt 5 5 5 my 25 Ms Mt 5 40 5 23 Mt 14 48 Mt,ktodd@example.com,962-808-4907x9240,"6578 Kelley Plaza Apt. 361, South Deborahstad, NV 38420",2021-11-22,2025-06-27,3213.92,5,True,C,4,taking condition starting over caused whatever resistance explanation delivered aircraft Security rest collapse before operating Michael Nauru 2 1 5 48 2 5 5 80 2 5 26 25 Up Mt 5
1173,temporary fall due gun 25 1 5 80 25 5 5 2 5 2 40 24 5 As 25 HIV 23 5 Mt 5 5 14 1 23 Mt 40 40 5,kristinesnyder@example.net,+1-906-311-2688,"11236 Laura Flat, Port Haleyton, WV 72084",2021-03-03,2025-05-09,1419.23,49,False,B,5,resistance wounded of these concerned reached 5 relationship Child three 5 5 5 Mt 5 5 5 25 25 40 2 25 25 5 5 23 ANZ 15 2 Mt 24 1
1327,authorities coming 24 5 26 25 25 Mt 2 23 5 Mt 23 14 26 1 25 Mt 2 2 5 80 23 40 1 2 5 2 5 15 15 5,michelle62@example.com,001-214-915-5635x53702,"995 Thomas Harbor Suite 773, Ryanchester, MS 13583",2023-03-07,2025-06-17,2646.43,30,False,B,3,fighting that or in understanding 5 way canyoning White During the She 5 5 5 5 W 25 2 24 23 80 25 5 5 25 5 24 Mt 26 18 26
1041,assisting 5 200 80 2 5 Mt 23 Mt Mt Up 23 48 23 25 5 Mt 40 2 Mt 5 5 Mt 24 25 14 Up 5 23 5 25 2,ryanrebecca@example.net,001-902-619-8569x28608,"PSC 0102, Box 9776, APO AP 64424",2021-06-19,2025-10-31,2673.85,32,False,A,6,residents fired and go three confidence resistance everything and everything tribal staying coming returning from Hicks think UN 48 No 25 23 5 1 Mt 26 Mt 23 5 1 25 SES
1366,One working 5 12 Mt 5 23 5 25 5 5 5 5 2 5 5 5 48 5 2 5 2 5 40 13 Mt Mt 40 Mt 26 5 Mt,priscillaray@example.com,001-382-690-7332x317,"113 Smith Garden, West Cherylshire, VA 50944",2022-08-06,2025-02-06,4313.83,14,False,C,4,to month administration things seekers read event service could commanders South Channel 5 5 5 5 5 5 40 80 48 23 W W 15 2 24 5 SES SES 1 Mt
1000,workers starting 5 5 5 5 23 5 40 80 2 2 Mt 5 23 Mt 5 1 Up Mt AFP 5 40 If 23 24 25 15 80 13 Mt 5,jason37@example.org,6165158853,"50457 Cobb Stream Suite 088, Juantown, CT 33691",2023-05-29,2025-02-09,2884.04,7,False,B,9,placed our clearly even that understanding front these families management showed 5 Muslim Bonn 5 5 drug 23 25 Up 26 5 5 Mt 5 1 2 1 5 Mt Mt 26
1254,leaders year 5 5 23 40 Up 5 Mt 13 Mt 25 5 5 1 5 40 80 13 Mt 25 5 23 5 15 40 40 5 Mt Mt 5 80,zgonzalez@example.com,9356255433,"434 Margaret Camp, South Jonathanfort, NC 33048",2021-04-24,2025-07-11,1330.84,36,False,B,3,served later World representing action ever suspected worked tree 5 14 United 5 5 5 5 5 25 Mt 2 UN 23 2 2 Mt 48 5 5 5 1 Mt 1
1090,warning advance 5 Mt 23 5 ANZ 5 W 23 AFP Ms 15 25 5 5 40 5 80 13 24 Mt 2 Mt 2 23 5 Mt Mt 1 Mt 18,hannahryan@example.net,406-735-7420x14069,"68066 Summers Wells Apt. 923, Emilyville, FL 87957",2025-03-29,2025-06-09,3958.88,18,False,C,5,5 fighter responsibility resistance child can During understanding handling order Mt 23 advice month militants various 5 26 5 1 23 W 5 5 23 24 5 Mt 2 Mt 80 Mt
1422,battle pay 5 Assa 2 18 2 23 If 23 25 5 23 1 15 23 5 24 Mt 40 1 1 Up W 13 Mt 40 Mt 23 2 Mt SES,alexis98@example.net,(291)880-0980x17668,"PSC 5870, Box 4681, APO AA 51761",2023-10-01,2025-02-04,331.98,29,False,B,5,Three calling returning something administration Mr Deputy all six receiving offices really circumstances leading giant York Mark 23 W AFP 2 Mt 1 23 5 Mt 80 40 40 25 40 26
1394,better used Energy 23 5 Mt 15 W 25 Mt Up 2 5 1 Up 5 40 23 1 Mt 23 5 5 23 80 Mt Ms Mt 48 2 23 5,brandoncrawford@example.net,6273201850,"Unit 0652 Box 9602, DPO AA 40869",2025-08-22,2025-11-09,1375.91,11,False,B,3,entered rescue stand not resistance handling never thought were president representing measures measures comes prevent car He 40 No 23 1 Up 5 Mt 5 1 40 5 W 80 5 2
1226,whether races 5 HIV Mt 23 As 2 2 14 2 5 25 1 Mt 40 5 Mt 5 ANZ Mt 5 5 25 5 5 2 40 2 1 18 5,cindyjoseph@example.org,643-742-8411,"2669 Olivia Fork, North Joshua, AZ 23268",2024-02-27,2025-11-18,4146.26,41,False,B,6,General weather city still 40 interest and firefighters carried 5 threatening Ricky then understanding races house Americans 5 2 5 As Mt 40 13 23 23 5 25 2 23 23 5
1073,5 resistance 5 Mt 5 HIV Mt 2 Mt 5 48 2 15 Mt 5 2 Mt 2 23 1 Mt 2 5 23 5 23 23 23 5 25 1 5,justin22@example.com,5357664408,"6936 Richardson Pines, South Michaelton, AR 97510",2022-02-24,2024-12-17,3262.32,22,False,B,8,Cup to international international signed Islands come concerned starting representing leaving still helped threatening Ricky break 24 23 5 W Mt 40 25 23 25 26 23 48 23 40 5 5
1356,ballot start 5 5 5 5 5 80 Up 5 40 W 5 2 1 Mt 2 1 5 Mt 5 48 40 5 25 40 5 5 25 25 5 5,sarah64@example.org,+1-769-594-5094x149,"7748 Sanders Mills Apt. 939, Mercerside, NH 82125",2022-08-03,2025-08-24,1169.8,19,False,C,10,start disaster nothing As union accident Jenin against would bowling received bureau from assistance trade respond ask 13 2 5 Mt 1 5 5 5 5 1 Mt 25 2 1 Mt
1357,forced farmers 5 5 5 Mt 23 23 Mt 1 1 25 5 On At 23 40 5 1 25 2 15 23 25 23 23 2 2 23 5 5 23,christopher25@example.org,001-389-348-3730x2773,"3265 William Flat, Jamesfurt, NV 77003",2023-07-15,2025-06-19,22.15,43,False,C,1,nothing resistance responsible administration killing lot Union bill expected for northern 5 5 5 power Assa 5 1 5 1 5 25 13 5 48 2 48 5 2 13 2 40
1298,though going focus due 15 23 5 5 Up 15 5 23 24 26 5 2 Mt Ms 25 23 5 23 25 Mt 15 23 23 18 25 23 5 Up,jewing@example.com,(323)425-0649,"371 Young Parkways Suite 576, East Sarahview, NJ 57106",2023-05-12,2025-10-02,1275.34,17,False,B,7,station responsibility later launched two them reached enter expected trees document 5 5 David 5 5 5 23 23 24 If 5 Mt 25 5 Mt 5 18 Mt 5 HIV 25
1168,cannot really Two 21 2 23 2 Mt 2 5 25 5 2 Mt 5 2 25 Mt 40 Mt 5 40 Mt 25 5 26 2 W 25 40 5 1,howardlisa@example.org,(866)394-2133x581,"USCGC Burton, FPO AP 21921",2021-10-22,2025-08-04,3722.2,26,False,B,2,workers everything understanding operation Western current change past recent back 500 at Mt believes republic jail 5 Up 5 5 Mt 5 5 5 23 W 5 80 2 15 5 23
1479,secretary connection heavy embassy 2 1 5 2 Up HIV 80 2 5 1 23 5 18 No 1 26 40 2 26 5 23 26 24 5 SES 23 80 W,doughertycalvin@example.org,626.691.7056x328,"833 Richard Stream Suite 649, West Christopher, CO 20697",2025-08-25,2025-09-21,1184.4,31,True,C,1,starting November commander damaged administrators them investigation South thought everything water fighters things play edge often 10 5 40 Mt 5 As 23 Mt 23 25 23 1 2 1 15 5
1158,Sharon wall 5 5 48 5 15 2 23 AFP 2 40 2 5 5 HIV Mt Mt 5 26 48 25 26 23 UN 23 5 2 5 Mt HIV 26,lucas11@example.org,4697559512,"66297 Morgan Mill Apt. 171, Donaldfurt, CA 44777",2022-03-07,2024-12-30,2599.48,15,False,C,5,containment many former secret everything chance whatever understanding understanding conducted headed Minister response singles that day 1 23 SES 5 2 HIV W 14 Up 1 80 Mt 2 26 2 25
1486,rest men 5 Mt 2 23 2 23 23 15 5 40 UN 80 5 15 25 5 2 48 If 5 40 5 23 14 2 23 15 26 2 40,karen80@example.com,(624)650-9825x96046,"PSC 1289, Box 8587, APO AP 96867",2022-07-20,2025-03-23,2276.71,11,False,A,8,first working believed 5 5 authorities 5 we in disaster clashes their 5 wanted January 5 5 5 5 2 5 5 Mt HIV 24 Mt 23 5 1 23 26 5
1187,along increased 5 5 1 1 1 5 25 25 1 5 25 15 Up W 26 Up 5 48 Mt 5 ANZ Mt SES Mt 5 5 Mt Mt Mt 5,cathydiaz@example.org,645.953.4743,"75394 Stephanie Glen, East Daniellestad, RI 79704",2024-02-04,2025-05-01,2320.51,28,False,A,1,During intelligence probably adequate central 5 action bombing advance these should 5 5 HIH will natural 5 Up 15 5 Mt 23 5 2 Mt 48 25 23 24 14 Up 40
1370,Wayne working home 5 2 23 1 2 40 14 Mt 5 2 5 1 Ms Mt 25 AFP 5 25 5 W Mt 2 40 5 5 26 Mt Mt 23,richard12@example.org,716-797-5005x914,"USS Arellano, FPO AA 03673",2025-01-20,2025-10-04,2114.56,19,False,B,5,offered related and parties heading international with responsibility Internet that Ms that 5 5 5 5 5 23 5 2 Mt 5 No 1 5 5 23 2 23 26 5 1
1299,stopped of That 5 40 40 2 5 40 Mt Mt 24 Mt On 2 5 SES 1 5 5 5 Mt Mt Mt 15 24 5 Up 5 5 25 48,scott11@example.org,+1-205-755-6292x1037,"48445 Curtis Centers Suite 204, North Sarah, MA 40296",2022-03-07,2025-09-12,185.14,13,False,B,4,hearing under chief real threatening Jacques being playing fighters in leader executive 5 without 5 attempt 50 W 23 1 24 23 5 23 2 23 23 26 2 23 Mt 25
1240,ability commanders 5 5 26 5 23 Mt 80 5 5 Mt 40 5 5 Mt Mt 24 5 23 5 2 Mt 5 2 25 5 Up 5 5 2 5,steverangel@example.com,(996)476-6069x029,"3763 Ramirez Port Suite 294, North Thomas, ID 01494",2024-02-21,2025-10-26,2121.91,34,False,B,7,too condition believed 5 5 operating That Health growth he 5 5 5 5 5 5 5 25 5 5 5 2 40 5 80 2 5 2 13 48 5 23
1020,twice Bank body 5 5 Mt 25 1 15 23 5 13 As Mt Ms 1 5 1 AFP No 5 5 40 W 2 2 24 25 Mt 40 2 5,kellygibson@example.net,001-809-834-9225x763,"PSC 0410, Box 7864, APO AE 18120",2023-03-19,2025-01-02,3038.16,20,True,B,6,resistance and 5 heavy prevent think representation walked putting understanding understand authorities further suspended administrators Steve 23 40 Mt 40 Mt Mt 23 5 2 5 5 5 5 23 15 2
1399,weather offer 5 5 5 5 80 2 14 5 40 13 25 Mt 5 W Mt 23 2 5 5 14 5 23 5 26 2 Mt No 5 40 5,gstanton@example.net,300.460.3212x3837,"518 Wade Fall Suite 684, South Genemouth, MP 46991",2022-09-02,2025-02-18,2895.39,20,False,B,6,resume then administration earlier residents incident representation station industrial carried making reveal 5 Jenin allowed banks Krishna Mt 5 5 SES 48 23 25 23 25 5 Mt Mt SES 5 5
1448,changes landed 5 5 14 Up 5 23 Mt 5 W 2 25 2 Mt 5 Mt Mt 15 No Mt 5 48 5 24 13 Mt 2 48 Mt 5 40,marymiller@example.net,765-929-7352,"489 Morgan Ways, Waltersborough, GU 09363",2023-11-07,2025-10-21,1523.07,25,False,B,6,allowed captured seeking assisting process terror 5 5 5 5 5 5 report 5 5 5 5 25 5 Mt 24 1 W Mt 5 5 1 Mt 1 2 Mt 23
1292,helped connection got No 15 Ms 24 Mt 40 40 Mt 5 23 25 1 18 2 Mt 25 26 Mt 23 23 15 5 80 1 5 26 1 Mt 2,forddonna@example.net,001-919-265-6091x212,"41203 Melanie Greens, North Erinview, AR 63239",2025-08-03,2025-10-04,388.1,49,False,B,10,information past leaving remains Authority administration 5 accident towards 5 5 5 5 5 5 5 5 1 26 5 5 5 23 5 2 23 23 80 Mt HIV Mt 1
1216,November six Ricky Energy 5 5 5 23 5 1 2 2 1 26 5 5 25 5 5 23 Mt 25 5 No 25 15 25 5 25 Mt Mt 25,jessica90@example.com,493.533.1036,"240 Long Grove Apt. 307, Lake Jeffrey, MN 70266",2025-08-10,2025-09-16,22.15,30,False,C,3,chance everything that West everything can entered these well whatever forced Australia used 5 cancer Australian 5 23 5 2 40 26 2 25 14 Mt 14 Mt Mt Up 5 UN
1280,offered died often 23 40 HIV 20 5 23 2 Mt 24 5 5 5 Mt 5 No HIV 5 Mt 40 5 13 48 2 Up 48 1 15 5 40,george41@example.net,(303)996-6042,"12156 Marquez Way, Cruzburgh, MO 43007",2021-06-12,2025-11-08,22.15,13,False,C,2,detainees containment beyond overall reached there that this cancer 5 follow 5 these 5 More 5 5 5 23 Mt 18 40 2 1 Up 5 23 40 23 Up 5 2
1292,overnight singles UN 5 25 AFP 1 5 1 5 Mt 26 HIV 40 80 23 48 15 5 1 Mt 5 1 AFP 1 5 23 23 5 1 HIV 24,sarah20@example.com,760.390.1758x3352,"639 Tucker Square Apt. 530, New Jamesfort, AR 13253",2024-10-29,2025-02-09,2371.83,14,False,B,10,residents threatening show what Fatah It Wales overnight off where do West 5 celebrations 5 Al Andy 5 5 2 26 SES 15 2 5 5 5 25 5 23 1 23
1031,security remains 5 5 26 5 25 Mt 5 2 2 As 5 Mt 23 23 25 1 2 5 Up 23 23 48 2 25 Mt Mt 5 1 25 2,scottsmith@example.net,001-781-225-1495x80878,"6530 Albert Wall Suite 453, Lake Alejandroville, WY 61276",2024-12-27,2025-09-06,61.46,26,False,B,3,connection having representing understanding resistance resistance meeting reached reached commanders Islamic resistance entered understanding retired Downer 5 15 5 5 Mt Mt 1 No 48 If 24 Mt 2 25 15 Mt
1378,Pakistan mission 5 40 5 1 24 2 2 2 80 SES 5 23 2 23 5 40 2 2 5 No 1 1 1 Mt 2 40 5 Mt Mt 48,paige34@example.org,(884)923-8812x545,"98448 Peter Estate Apt. 247, North Todd, GA 33550",2024-03-03,2025-06-19,4627.46,26,False,B,3,contested really concerned international same here carrying handed coming Kandahar other every disappointed nothing across growth Bonn 5 2 80 HIV 25 5 5 23 Mt 23 5 Mt 2 5 2
1431,general condition runs 5 Mt 23 15 23 Mt 48 40 2 2 5 Up 23 AFP 5 5 5 5 13 25 25 25 25 40 5 2 26 5 Mt,brandon70@example.org,+1-906-311-2688,"9153 Clark Forest, East Jorge, OK 25399",2022-08-03,2025-01-03,648.56,9,False,B,1,tourists everything nothing warned training available that thought here weekend acting fighting commanders understanding contested Stuart 18 23 48 Mt Mt 5 Mt Mt 40 Mt 5 5 Ms 25 13 5
1499,treated property Glenn 25 23 Mt 25 23 W 15 40 25 23 5 5 5 23 5 25 2 2 23 15 26 W Mt 5 No 23 2 5 25,fhull@example.net,808-361-3758x721,"60014 Collins Inlet, Lake Kaitlyn, AR 44699",2024-01-01,2025-11-15,1654.01,41,False,B,7,chance meeting ever resistance entered regional became parts 5 5 5 5 5 5 5 Mt 24 Mt 40 5 40 Mt 5 As Mt 5 15 5 5 5 40 80
1171,whose waiting 5 5 W 5 5 23 Mt 1 5 2 Mt 23 1 25 14 5 1 40 5 Mt 26 23 Mt 2 5 40 5 2 Mt 5,ymcdonald@example.com,2969639550,"02779 Rodgers Rest, Dianefort, CO 61923",2024-07-12,2025-08-22,1615.67,35,False,B,4,according attacking throughout region Detention worst expressed Mt before whose there business have City course 5 150 26 Mt 2 23 No 5 5 2 23 No 2 40 13 Mt 2
1297,times accident am 48 25 23 5 5 Mt 5 5 5 5 23 2 26 5 5 25 5 5 25 5 5 13 40 25 UN 24 2 W Mt,melinda89@example.com,(804)759-4935x195,"9864 Michelle Union, Port William, SD 59886",2022-03-22,2025-01-25,1535.18,37,False,C,7,believes condition working least nothing resolution need workers important working condition terms authority going 5 5 5 23 40 15 Mt 26 23 5 2 W 23 23 25 1 23 23
1048,her overnight 5 2 1 1 Mt 5 40 80 23 2 23 48 5 80 25 5 1 23 23 2 2 1 1 23 Up 48 24 2 5 5,awhite@example.org,001-963-786-1541x8224,"37042 Smith Prairie Apt. 310, Jesseburgh, SD 82531",2022-08-29,2024-12-09,2646.5,31,False,C,4,seeking Europe taking fighting Michael wanted returning enough containment wall tell ballot track yacht Ms program 5 5 48 25 25 5 W 5 40 23 Mt 2 2 5 5 No
1346,might countries 24 23 24 5 2 2 2 Mt If 5 40 Mt Mt Mt 25 5 HIV Mt Mt 23 25 5 2 Mt 1 2 1 2 24 2,hallglenn@example.net,623.894.5181,"50937 Adams Turnpike, Robertsberg, MD 51280",2022-09-24,2025-11-10,481.02,6,False,B,9,to remaining long sent and south containment over moved station leader times shuttle 5 40 5 blaze 5 23 5 Mt Mt 2 80 23 HIV 5 1 W 21 No 2
1207,related Hollingworth 5 Reid 2 Mt Mt 2 5 23 48 1 Up 5 80 23 2 5 2 2 2 40 Mt 40 23 If 25 As Mt Mt 5 5,dburton@example.net,890.492.3672x02755,"84815 Christian Viaduct, North Brianport, NV 30273",2025-06-16,2025-08-07,1537.35,28,False,B,1,industrial different management rest rule receiving worked evidence resistance Whiting heading north including acting 5 5 26 5 2 18 Up 80 5 5 13 23 2 2 5 1 5 13
1115,being 5 5 Mt SES 5 Mt 2 13 5 1 25 Mt 5 23 25 2 5 2 25 1 15 26 25 5 Mt 80 1 5 14 5 Mt,jessica69@example.org,(645)339-9007x842,"1287 Joshua Extension Apt. 081, West Brandon, IA 69382",2024-02-21,2024-12-22,3400.21,1,False,A,6,putting announced training believed remaining explanation traditional severe captured International starting countries enter reports thought Firefighters 5 14 13 40 15 Mt 23 Mt Mt 18 Up 5 Mt 5 5 Mt
1227,Tora refused Ms 14 23 Mt Mt 2 23 24 23 Mt W 150 Mt 23 2 2 15 23 48 2 5 W 14 25 Mt run Ms 5 5 25,connie13@example.net,916-420-4395x54907,"5422 April Curve, Moralesland, KS 96088",2022-10-28,2025-08-22,2509.06,49,False,C,4,statement something understanding industrial confidence chance increased nothing then incident fighting for which rest body certainly 5 5 ANZ No Mt 5 5 23 23 15 5 5 Mt 2 5 5
1323,affected ballot Doug drug 2 Mt Mt 5 5 5 40 2 13 23 25 15 2 Ms 15 1 23 5 Up 1 5 40 5 5 24 12 1 1,mckeejoel@example.org,993.343.3550x04209,"1982 Mary Passage, North Amy, PR 98678",2022-04-02,2025-07-02,1845.39,34,False,B,7,1 firefighters largest representing 5 flying authorities everything enter position helicopter closed Team 5 5 5 Lord Mt Up 5 Mt 14 5 Mt 25 5 23 HIV 5 5 26 Mt
1148,offer 5 Toowoomba 25 5 2 25 Mt 23 5 23 5 Up drug 26 26 Mt Mt 23 5 40 5 Mt 5 Up 14 5 48 23 23 23 5,oramsey@example.org,(590)334-3365,"0002 Smith Tunnel Apt. 261, Robinmouth, WY 86246",2023-08-25,2025-01-19,832.88,37,False,C,6,condition understanding maintenance counts president began everything what run was information decided commanders responding nearly 20 50 26 5 Mt 5 5 5 40 5 25 15 25 5 Mt 5 Mt
1116,parties peace happened Hewitt Mt 5 SES 26 80 Mt 23 5 2 5 14 Mt 25 23 40 5 5 Up 5 blaze 15 26 5 Mt 25 5 40 Mt,richard12@example.org,(325)439-7394,"12156 Marquez Way, Cruzburgh, MO 43007",2024-08-29,2025-06-01,4861.5,15,False,B,10,responsibility alleged because heard president resistance residents refused too commanders scheduled 5 declared with share Shane Energy 25 5 26 Up 1 23 14 23 5 Mt 80 2 25 25 23
1164,Launceston Neil No 2 1 23 5 5 5 13 48 1 40 14 5 Mt 5 23 26 2 5 23 25 5 5 80 80 5 5 5 2 25,sharonpatterson@example.com,278.682.9398,"903 James Centers Apt. 175, Trevinofort, AK 57965",2024-03-05,2025-01-24,4026.98,15,False,A,7,connection threatened volunteers still starting circumstances shot remaining evidence nothing following believed community bid that 5 5 5 5 40 2 25 Mt 25 23 5 Mt 26 2 23 SES 1
1154,agency radical Kabul Mt 2 ANZ 5 14 23 25 23 24 1 25 1 2 2 48 Mt 40 Mt As 24 Mt 2 5 2 23 23 5 15 48,michaeljohnson@example.org,(381)859-7351x53236,"4351 Norman Highway Suite 760, Susanmouth, ND 05992",2021-09-24,2025-10-04,22.15,23,False,A,3,was further starting offered administration seeking condition mean resistance helped damaged returning Nations domestic House Melbourne data 5 25 24 Ms Mt 1 1 5 80 23 40 5 Mt 2 80
1093,trees blasted 5 13 40 2 26 5 5 HIV 5 15 Ms 48 40 24 2 26 Mt Mt 1 5 Mt 5 SES 5 Mt Mt 40 2 Up Mt,cshannon@example.net,+1-752-951-0488,"41628 Dean Walk, Wolfeside, FM 02036",2022-02-24,2025-11-22,848.01,14,False,B,6,post man everything commanders to understanding nearly containment cannot crashed 5 5 helped of During hijacked 25 23 5 5 2 5 5 2 2 Up 14 5 15 80 2 23
1291,counts everything Nauru 23 5 Up 23 5 24 2 Mt 5 23 2 23 SES 26 23 Up 25 1 23 5 23 SES 25 2 5 23 5 25 15,fmorrow@example.org,+1-531-217-4734x373,"4131 Cox Rapids Suite 505, Lake Jenniferview, NM 74109",2022-03-29,2025-11-13,3086.65,13,False,B,5,Israeli now must through through disaster international metres condition responsible 5 international out real 5 5 5 24 5 SES 5 Mt 40 W Mt 1 24 Mt W 5 25 13
1215,Shaun blasted 5 23 15 Up Up 5 Mt 24 40 23 40 No 25 1 23 5 1 5 Mt 23 Mt 48 5 80 5 5 2 UN Mt 23,ramosdaniel@example.org,001-249-549-2675x08730,"7006 Sarah Hollow, East William, NY 88093",2021-02-02,2025-01-17,2151.18,22,False,C,5,Bill towards then training understand International later severe statement ground manslaughter deal signed Israeli Immigration News 25 13 5 18 40 Mt 2 40 1 25 5 AFP 23 5 Mt Mt
1499,issues provisional community 21 W 23 5 5 2 48 Up 25 15 2 23 25 1 5 Mt 40 W 48 13 UN 5 5 1 40 26 5 14 14,fergusonbrooke@example.net,4697559512,"94385 Anderson Creek, Holdenville, SC 62410",2022-10-28,2025-09-29,22.15,7,False,C,6,residents wounded different threatening our never even lead representation this refused 5 shot Secretary sent Nablus Sir Mt 40 W 23 Up 25 25 2 5 2 Mt 23 Mt 5 23
1219,been bin farm 5 Mt 5 5 23 2 25 W 15 80 2 Mt 23 23 5 W 40 5 2 5 HIV 48 Mt 2 1 HIV 2002 Mt 14,cervantesmartha@example.net,412-250-9332x786,"828 William Springs Apt. 172, South Julia, VT 50864",2024-12-30,2025-03-25,2604.98,49,False,B,6,clashes these authority caused were administration headed starting receiving powers investigating and groups be That 5 5 5 40 AFP 23 23 2 2 1 5 5 15 5 26 48 2
1499,industrial 5 Two Lee 2 Mt 1 Mt 5 Mt 25 5 1 UN 5 5 Mt 24 5 40 Mt 25 25 5 5 5 2 23 24 5 40 80,sarah20@example.com,(415)563-8939,"9004 Austin Divide Suite 505, Kelseyfurt, UT 23231",2022-02-21,2025-09-10,3772.72,28,False,C,7,leaving 5 different together think representing general tape them run your risk Alexander job Daryl 5 I 25 Mt 5 Up 40 HIV 40 15 25 25 25 40 48 1 Mt
1304,today The 5 5 5 2 25 48 25 5 Ms Mt 5 23 40 SES 5 40 5 AFP 25 5 Mt 40 No 5 2 15 5 2 Ms 23,eneal@example.com,955.611.7427x322,"60712 Raven Square Apt. 328, Jeremyhaven, WA 46955",2022-03-10,2025-09-29,1904.47,12,False,C,7,condition death helicopters agreement reached today their everything on anything international secretary 5 had looking due Reid SES 2 5 5 Mt 26 5 23 48 5 Mt 23 1 40 1
1312,promised Reid 5 Mt 48 40 SES 5 5 21 40 24 23 W run 40 1 23 Mt 5 1 5 40 HIV 80 5 2 W 2 Mt 5 26,emilyblevins@example.net,5326056906,"3376 Clark Mountains Apt. 406, North Alexisfort, AS 90592",2024-07-12,2025-07-03,3899.82,22,False,A,6,entered government staying representation assisting largest growing 5 5 5 death into 1999 5 5 As 11 2 25 40 5 13 48 Up 5 18 Mt Mt 80 1 40 Mt
1200,security 5 Mt 23 14 5 5 5 Mt 48 If 25 26 40 40 Mt 23 Mt 1 23 26 23 25 Mt 2 23 Mt 25 SES 5 Mt,zgonzalez@example.com,+1-413-796-4536x98868,"12461 Michael Crest Apt. 138, Bellmouth, IL 22551",2021-04-24,2025-08-02,2732.76,24,False,B,9,allegations Palestinians matter believed 24 understanding comes playing sources 25 500 5 5 5 5 5 5 5 1 5 13 5 24 80 5 2 25 2 Mt 24 23 5
1499,caught countries 5 5 48 Mt 5 23 W 5 Mt 40 Mt 1 40 23 2 Up No As Mt 2 5 Mt 40 5 1 23 5 5 5 Mt,mitchellangela@example.org,+1-674-989-9781x38376,"Unit 7511 Box 8779, DPO AE 68298",2023-02-27,2025-09-21,1136.89,31,False,A,9,responding residents threatening president Immigration bombing eventually confidence understand expected representing building nearby program 5 Blue 5 5 5 5 24 AFP 80 AFP Mt 5 5 5 25 5 No Mt
1402,changes follow Jenin ANZ 5 40 5 5 5 5 5 5 23 13 Mt 5 5 HIV 150 No 5 23 SES 25 23 80 5 5 2 23 5 2,georgetapia@example.org,2506371498,"46897 Smith Coves Suite 212, Port Kelly, PA 82831",2024-01-05,2025-07-22,3590.24,38,False,B,6,offices After because former confidence less were 5 5 this believes late containment things Virgin 5 gone Mt 5 13 23 5 40 23 5 23 2 48 23 As No 48
1310,risk surrender 5 5 40 15 5 25 26 Mt 24 25 25 48 Mt 23 5 Mt AFP 23 15 23 40 26 5 25 23 13 40 5 48 23,forddonna@example.net,(316)573-9021x07777,"PSC 3431, Box 6792, APO AA 75855",2022-10-28,2025-02-28,1673.17,17,False,A,8,blasted man 5 5 these returning authority then key understanding interest infected wounded nothing Robert Kallis far 25 80 5 2 5 25 2 12 48 ANZ 1 23 23 Mt Ms
1258,runs travelled fierce 5 23 40 23 5 40 5 26 25 Mt 25 5 Mt 23 Mt 23 W 13 Mt 25 23 13 23 23 Mt 5 26 5 23,vjenkins@example.com,(495)852-7588,"905 Danielle Islands Apt. 900, New John, VA 31142",2024-02-21,2025-09-29,22.15,49,False,C,5,southern management overnight to main things Israeli anything 5 meet 5 5 5 5 5 48 due Mt 23 26 5 SES 15 5 1 W 48 23 40 Mt 21 Mt
1280,Yasser Test 5 48 2 1 As 5 5 150 25 14 Mt 23 5 40 23 W Mt Mt 13 2 24 18 14 5 23 5 5 As Mt W,clarkejean@example.net,412-250-9332x786,"1951 Henderson Mountain, Tamarafurt, NJ 49566",2023-08-20,2025-04-23,2081.83,20,False,C,1,organisation convicted these of manslaughter understanding representation president nothing in operating Palestinians 5 5 Immigration technology UN 23 Mt drug 48 1 13 5 5 5 26 2 40 40 13 2
1382,helped cancer 5 5 Mt 23 AFP Mt 23 25 Mt 2 23 5 Mt HIV 25 2 25 5 5 23 26 2 Up 23 HIV 2 25 25 5 23,perickson@example.net,(402)361-3628x1271,"641 Saunders Meadows Apt. 128, North Joseph, LA 58617",2025-01-09,2025-10-12,3557.07,32,False,C,3,factions found calling understand where struck not then enter understanding attempting understanding over 5 5 5 5 5 23 5 5 5 48 1 Mt Mt 5 23 5 40 23 5
1346,related whether HIH ask W Mt 5 W 5 21 40 25 48 5 2 Mt 5 Mt 15 26 23 40 Up 23 23 25 W 26 23 5 No 5,travis79@example.com,770.997.9624x570,"88660 Little Extensions Apt. 503, South Nathanielhaven, AK 25074",2022-02-06,2025-08-22,3062.47,37,False,A,1,operation there this per as read less rate plan 5 organisations everything Steve more 5 5 5 25 23 40 1 Mt 5 Mt 14 Mt 80 48 26 Mt 5 5
1373,building other I 500 5 5 Mt 5 26 5 5 25 5 5 1 40 24 No 1 5 15 40 23 my Bonn 1 5 2 5 26 Up No,spadilla@example.com,412-250-9332x786,"6218 Knight Bridge, Bowmanmouth, GU 95252",2024-10-16,2025-02-15,22.15,8,False,B,10,saying union leading severe can opening places over through incident putting Nablus expected anything 5 5 5 40 40 Mt 25 Mt No 2 5 25 23 5 23 UN 1 23
1336,up families 5 5 HIV 2 Mt Mt 1 5 25 Ms Mt Mt 5 23 5 48 5 Mt 23 1 As 23 Mt 5 25 5 2 Mt 5 25,andre46@example.net,906.410.2249x91101,"232 Tony Shores Suite 350, West Audreyside, MT 13596",2023-04-19,2025-10-13,4995.35,15,False,B,10,up fighter wage resistance Western expected caused sentence resistance representing dead resistance 5 West No News Mt 15 1 Mt 5 Mt 26 2 2 48 13 Mt 2 5 5 18
1135,Detention interest chief 24 2 5 5 5 SES 23 40 1 25 40 2 5 26 5 18 48 5 25 5 5 No 5 5 5 Mt 5 5 5,sampsonkenneth@example.org,(923)894-3764,"1919 Karen Knolls, New Andrewhaven, AZ 45459",2022-10-28,2025-10-01,2070.61,28,False,A,10,cost Martin severe we beat quarter severe fact celebrations Highway past blaze secure offer Government Hollingworth 5 5 23 40 23 23 23 25 5 25 Up 2 5 5 2 Mt
1157,remains game 23 ANZ 1 15 5 1 5 2 2 5 23 5 5 15 2 14 25 5 2 Mt 5 2 Mt 2 25 40 Mt 5 5 25,zlloyd@example.com,+1-988-339-7888x659,"35684 Johnson Spring Suite 673, Warnerhaven, TN 30845",2024-04-15,2025-10-23,4241.21,23,False,C,7,on pilot believe than prevent ground believe after still Williams 5 5 5 5 5 shows 21 Bonn 25 Mt 5 2 2 2 15 5 Mt 5 Mt 5 5 5
1176,president continuing boy 23 W 13 1 5 5 48 Mt 1 1 23 23 AFP 5 5 If 15 Mt Mt 5 Mt 23 SES 25 23 23 40 Mt 2,mckeejoel@example.org,(958)541-7298,"2451 Robert Coves Suite 535, Amybury, HI 24816",2024-12-13,2025-09-12,3829.91,7,False,B,8,coming our tough security never wave conditions general rejected condition tribal everything per 5 5 day 5 Mt 5 Mt 40 25 Mt 40 5 5 25 25 14 5 SES Up
1128,innings organisations until 1 24 15 Mt 23 23 Mt 13 25 40 40 24 2 23 SES 40 2 Mt Mt HIV 5 80 HIV Mt Mt Mt 14 2002 2,wjones@example.net,899.370.7489x9115,"176 Camacho Drive, West Patrickport, IN 93989",2024-08-29,2025-09-27,3624.43,29,True,C,1,acting proposed condition 5 pressure investigation after whatever facility fighting commanders everything while the prior 5 5 25 Mt 2 5 Mt 80 5 Mt 26 2 If Mt 5 23 2
1085,yacht five 5 5 5 48 25 Mt Mt 5 5 15 23 24 Mt 24 23 1 5 Mt 2 Mt Mt 25 Mt 18 Mt Mt 5 2 80 40,gary36@example.net,228-541-1973,"41203 Melanie Greens, North Erinview, AR 63239",2023-03-28,2025-05-25,4203.89,21,False,B,8,retired delivered yesterday main enter before about resolution 5 chance what Bush Up 5 5 5 5 25 W 1 18 13 14 1 5 5 15 Mt 14 5 23 2
1177,my approached 5 5 Mt 5 Mt Mt Mt 5 SES 40 Mt 15 5 40 80 5 As 48 24 SES 25 23 80 25 23 2 15 5 5 5,jonathanwebb@example.net,(958)541-7298,"3244 Riley Rapid, Traceyborough, MO 98025",2024-11-14,2025-06-13,1621.59,21,True,B,8,captured rest unidentified plane enter acting resolve manslaughter yesterday later about 5 5 5 here shot 23 5 5 Mt W HIV 23 5 5 23 40 Mt 5 2 W 23
1346,enter handed 5 5 5 25 5 5 5 Mt 5 Mt 40 23 15 2 5 2 23 1 5 1 AFP 15 5 150 Up SES 1 Mt 23 23,jameshenry@example.net,001-788-402-6208,"9004 Austin Divide Suite 505, Kelseyfurt, UT 23231",2024-11-22,2025-10-02,2627.82,33,False,C,6,though coming national confidence following that manslaughter coming Several hit quarter whatever interest throughout 400 5 5 23 5 5 40 5 26 5 25 HIV 23 Mt 14 1 5 5
1195,men and 5 5 18 18 5 23 25 Mt 1 40 5 Mt 5 2 5 5 5 1 5 23 5 25 23 80 Sarah 5 5 5 5 23,joseph21@example.org,(826)867-9315x324,"41203 Melanie Greens, North Erinview, AR 63239",2024-03-02,2025-03-19,2779.12,48,False,C,4,fighting secure get chance probably through comes training later resistance cancer injured light asked Ministry 5 5 26 2 2 Up 40 Mt 5 5 Mt 23 15 5 13 5 25
1124,river as 5 5 13 Mt 25 25 23 5 5 Mt 26 Up 2 25 Mt 5 25 23 26 23 14 23 1 25 5 25 my 2 40 1,kfisher@example.com,+1-348-718-4422x01859,"35615 Jones Trafficway, Katrinabury, MO 95441",2021-03-03,2025-10-11,2501.71,13,False,B,6,to something should nothing understanding today representing resistance worked as After thought running Cup great 21 5 23 5 5 48 2 13 25 Mt 40 40 Mt 2 2 15 14
1139,captain rather 5 5 5 5 Mt 5 23 48 Mt 2 23 Mt 48 13 14 5 23 40 23 25 5 5 40 23 5 2 Up 5 25 5,kristinesnyder@example.net,001-919-265-6091x212,"1655 Lucero Knoll, Jordanshire, MT 90917",2023-02-10,2025-07-17,1691.94,16,False,C,4,your south received conditions staying seekers northern expected remaining reported wounded following Whiting National others executive 5 5 25 150 2 5 13 25 1 5 15 15 26 5 1 ANZ
1336,Solomon executive 5 48 Mt 48 26 40 5 5 W 23 24 2 1 23 5 5 23 Mt 26 1 5 SES 5 5 23 5 25 5 Mt 40,tammy02@example.org,+1-906-311-2688,"968 Jose Spring, Calvinport, MA 37398",2024-09-14,2025-01-23,4995.35,26,False,C,6,firefighters nothing conditions 5 Rafter innings increased understood worked on this 48 these ability 5 5 5 13 2 5 26 5 2 W 25 5 13 5 23 W 5 Mt
1029,political intelligence 5 5 Mt 23 1 13 23 5 5 5 48 Mt AFP 40 25 2 5 AFP Mt 48 23 2 5 26 AFP 40 18 48 Mt 2,pameladavis@example.net,+1-234-857-5778x42934,"USNS Thompson, FPO AP 97534",2021-08-30,2025-02-05,1379.0,15,False,C,6,things west resistance organisation residents there approached understanding operation enter Two nothing looking were 5 5 25 48 24 1 5 5 5 40 Up 25 5 5 5 Mt 14 5
1448,request debate 5 14 24 5 5 ANZ 2 24 Mt 40 48 Mt 5 Mt Mt Mt 23 40 Mt 26 25 2 24 15 run 23 W 23 23 23,ramosdaniel@example.org,3604026482,"1121 Mary Center Suite 280, Port Cheyenneville, OR 48551",2024-09-30,2025-04-17,3393.54,13,False,C,10,connection understanding rather concerned threatened nothing hearings between everything cannot should worst Richard Japanese 5 rule am Mt 2 40 5 Mt 5 40 2 40 23 1 14 As 5 48
1368,carried fighters Lord 13 Mt 5 Mt 25 5 Mt Bonn 48 26 2 40 5 5 2 48 25 5 Mt 40 5 1 As Mt Mt Mt 48 25 23,jenkinschloe@example.com,459.847.0426x30933,"PSC 8021, Box 4299, APO AE 44889",2021-01-13,2025-04-09,501.65,30,False,C,5,battling near happened rest statement reached allow captured get saying eventually suicide under Victorian happy 5 5 21 80 5 SES 48 5 15 2 5 2 Mt 2 48 5 Mt
1224,based fighting 2 5 1 25 2 24 40 5 26 23 Mt 5 Mt 2 15 5 Up 26 UN 5 26 25 Up 40 25 5 5 Mt 23 2,alyssa05@example.net,(381)859-7351x53236,"027 Michael Skyway Apt. 941, South Michael, TN 30214",2024-02-01,2025-11-03,3327.95,35,False,B,4,think 5 planning action out everything Western threatening could assisting findings field 5 bowler half system 5 40 5 5 2 23 23 40 1 1 5 40 Up 2 25 5
1027,growing doubt smoke yacht 2 23 5 Ms 5 24 5 23 5 1 40 Mt 2 25 Mt Mt 80 25 2 48 2 5 26 5 80 5 23 5,cwilliams@example.com,5357664408,"1718 Garcia Trail, Martinstad, VI 59460",2025-03-10,2024-12-13,3069.04,24,False,B,2,International though have playing these 5 Energy Nauru 5 really return again Jenin 5 approach An Lee 40 Mt 2 5 80 5 23 23 1 23 5 Mt ANZ 2 Mt
1403,threat Brett 5 5 2 23 5 5 5 Mt 2 15 ASIO 23 1 5 HIV 5 48 5 24 23 5 SES 40 2 Up 25 23 48 SES 23,tina79@example.net,250-498-8680,"23334 Hernandez Run, North Jordanview, VA 37610",2021-02-04,2025-04-16,2251.7,36,False,C,10,official threatening entered 23 New authority military one 5 with 5 5 5 5 human space built 48 Mt 2 Mt 2 14 ANZ 24 25 W 18 1 150 5 Mt
1396,put greater 11 5 5 Mt 5 26 48 HIV 80 40 Up 5 26 Up 1 Mt 48 5 40 5 40 23 Up 5 80 5 5 25 5 5,tsantiago@example.com,706-962-6030x53274,"9741 Joshua Plaza, North Pamela, LA 67000",2025-09-27,2025-12-03,1379.19,35,False,A,8,acting rest report entitlements There have then entered come acting against inside Fire 5 5 5 5 5 2 5 15 Mt 1 26 48 13 Mt 5 26 Mt 25 Mt
1117,general condition 5 5 Mt 5 18 5 15 2 25 5 Mt Up 48 23 48 5 5 Mt 15 Mt Mt SES 23 2 No 23 23 5 5 1,david41@example.com,(636)388-2602,"9014 Jennifer Corners, Colebury, DE 56839",2023-04-11,2025-03-13,4995.35,38,False,C,4,hoping something station champion second National saying Adventure 5 waiting past west school forward police Adam 23 2 Mt 23 5 Up 5 40 2 2 5 26 1 Mt 5 150
1450,an bowler Mohammad 2 18 5 23 HIV 5 24 80 Mt 5 Mt 23 Mt 5 5 5 1 W 26 2 Mt Mt ANZ 5 Mt If 2 80 Mt,millerdawn@example.com,+1-355-854-1923x20901,"6227 Yang Rue, East Todd, OR 10744",2022-10-03,2025-01-02,847.05,39,True,B,7,including to 5 that showed commanders commander assistance make play edge threatening under areas Pakistani fire 5 48 5 5 HIH 2 SES 5 Ms 23 40 25 5 Mt 13 2
1167,still giving 5 18 Mt 2 Mt 5 23 40 Up 48 23 23 14 5 Mt 5 Mt SES 5 Mt 25 W 23 1 23 Up 5 SES 23 AFP,hoffmansarah@example.org,(913)450-6513,"371 Young Parkways Suite 576, East Sarahview, NJ 57106",2024-03-30,2025-06-13,3724.23,23,False,C,4,understanding confident contested contested responsibility contested her used other following confident unidentified organisation not 5 SES 5 23 23 5 No 18 Mt 5 23 Mt 23 Mt 18 5 5 48
1000,international remaining 12 5 Mt 48 Ms Mt Mt 24 25 5 25 AFP 1 26 23 2 5 2 23 5 5 40 5 Mt 5 5 23 5 5 23,williamsdeborah@example.org,(316)573-9021x07777,"8874 Patrick Ferry, East Bethanyville, NY 83176",2023-06-28,2025-06-11,2307.06,49,False,A,4,nothing offices International behind without really negotiations relationship sea believe canyoning nothing station Glenn should 5 keep 23 23 24 18 40 2 48 Mt 5 5 5 Mt 2 W 26
1131,remain expressed 5 5 No 5 23 2 5 5 1 23 5 2 23 SES 23 Mt Mt 2 Mt No 23 Mt SES 23 23 24 80 25 Mt 2,omiller@example.net,976.656.9072,"PSC 0367, Box 7716, APO AP 48106",2024-02-21,2025-04-04,2687.34,17,False,A,5,staying best these continuing decided though last international war 5 5 Australia ANZ arrived 5 50 5 15 40 Up 5 5 14 HIV 25 5 24 25 40 25 5 5
1296,Perth helped Adam 5 5 23 Mt 2 5 25 23 Mt 18 Mt 24 Mt 40 23 Mt 5 W Mt 48 23 Mt 26 25 Mt 5 5 W 26,scott97@example.org,001-362-525-4194x27063,"5849 Caleb Points Suite 201, Martinshire, CT 23779",2023-11-11,2025-06-09,3619.66,9,False,B,1,we Another rest announced entered released eventually battling sea everything wounded Donald town 5 While 5 23 5 18 5 5 2 2 Mt 2 5 5 23 2 40 5 14
1169,recorded station 5 5 23 1 5 23 48 5 Ms 25 23 23 23 40 No 80 25 5 SES 23 Mt 26 5 Mt 40 23 26 5 23 Up,marymiller@example.net,3604026482,"32381 Alicia Drive Apt. 871, North Gregory, RI 89901",2021-12-07,2024-12-10,997.59,28,False,B,10,region ever everything served fired action showed power be 5 unions 5 5 5 5 5 5 1 5 At Mt Mt W 25 2 2 5 23 26 5 80 Mt
1279,what after Mt 5 2 80 Mt 5 No 14 23 25 23 As 23 2 5 5 blaze 5 23 25 5 40 Mt 25 2 5 5 23 25 80,tracy04@example.org,+1-828-622-3470x307,"968 Jose Spring, Calvinport, MA 37398",2024-03-19,2025-06-13,1674.03,49,False,A,3,sentence bringing different evidence everything president Union representation canyoning into 5 5 5 5 5 5 Assa No 2 Mt 5 40 2 5 24 13 Mt 5 1 5 2 Mt
1309,resistance wall Mt W 5 25 13 5 Up 5 15 25 5 5 No 26 26 23 5 5 5 my 23 23 Mt 23 5 15 W 5 Mt No,blopez@example.net,(620)997-2275x3396,"USS Arellano, FPO AA 03673",2024-03-21,2025-02-03,2375.83,29,False,A,5,understanding then completed everything understanding contested statement acting service condition Muslim 5 defence recent my 5 5 5 18 Mt 2 5 15 24 Up 48 5 48 5 5 Mt 14
1372,provisional win No HIV W 23 40 5 23 23 23 24 24 HIV 23 Mt 2 25 W 5 Up 5 25 25 Mt Ms 23 23 40 15 1 23,hcooper@example.org,(316)573-9021x07777,"673 Timothy Crescent Apt. 595, West Thomasborough, CT 76144",2021-07-24,2025-03-31,1784.94,3,False,A,8,Island administration that winning entered served workers students in investigation security resistance more ever down home SES 14 No 5 5 2 2 Mt Mt 5 5 40 Ms my Ms 15
1491,1 never Mt 80 5 80 1 25 5 5 5 26 Mt 5 23 As 5 2 5 2 1 25 No 23 1 Mt 2 Mt Mt 2 25 5,fullerkelly@example.net,+1-280-684-9635,"Unit 9788 Box 9927, DPO AA 74243",2023-07-25,2025-03-23,1258.64,1,False,B,10,assisting ever whatever were canyoning heading may understanding representing attacking leader July denied without natural job 5 23 23 23 80 25 5 23 23 5 2 5 13 5 5 W
1149,bowling arrested 5 5 5 26 23 48 25 2 5 Mt Mt 1 14 5 23 No 23 2 Up SES 5 On 1 2 On Mt UN 5 23 23,williamssamuel@example.org,(689)776-9920,"049 Dennis Shoals Apt. 995, West Stephen, WA 22837",2021-06-05,2025-09-21,2168.3,49,False,B,6,following recovery be training to carrying really that them latest accept On 5 centre including Howard 5 40 25 23 Mt 23 5 5 25 23 1 13 40 5 5 80
1468,should greater W SES 26 13 23 14 2 SES 23 1 5 5 HIV 40 80 26 5 23 23 5 48 2 W Up 48 23 40 Mt Up 80,ronald67@example.com,890.492.3672x02755,"3244 Riley Rapid, Traceyborough, MO 98025",2023-01-08,2025-06-29,3679.96,25,False,C,2,searching whether understanding severe intelligence and car canyoning Four minister An without sides them needs 5 5 48 24 Mt SES 48 24 5 15 Mt 23 Mt Mt AFP 5 Up
1431,members Geoff 12 1 25 Mt 40 24 23 24 26 5 23 5 5 15 1 5 40 Mt 26 Mt 23 Up 5 40 40 80 Mt 23 24 23,sharonpatterson@example.com,(331)503-4455,"9744 Mullins Fall, East Patriciaburgh, MA 10002",2021-10-26,2025-10-24,2962.29,26,False,A,6,fighting that eastern must condition hearing reached through station as shortly 5 5 organisations Kieren Professor study 23 Mt 25 23 Up 5 20 5 Mt 5 5 HIV 5 25 25
1093,flight injuring At gun 2 HIV 23 2 13 2 5 5 1 Mt 15 5 2 Mt Mt 25 No Mt Mt As Mt Up 23 5 26 25 1 Mt,bmelendez@example.org,+1-684-571-1028x96877,"4153 Linda Curve Suite 305, Port Stacyshire, MP 29457",2024-04-22,2025-08-11,3230.94,41,False,B,7,statement settlement happened eventually unidentified understand leaders fires their hearing continuing nine try He 5 new HIV 5 Mt 24 W 80 5 40 5 2 Mt No 23 5 Mt 40
1015,concern rise Mt 48 Up 23 25 5 5 23 23 40 40 Mt 5 Mt Mt Mt 5 40 5 5 No 25 40 2 24 Mt 48 run 1 23,lisathomas@example.org,870-237-1676x38610,"29241 Mora Extension Suite 568, West Jon, VI 49038",2024-12-09,2025-01-29,1821.77,41,False,A,2,headed threatening first union to 5 well damage sent disease released canyoning 5 5 5 23 5 5 5 1 5 Mt Mt 5 2 48 23 24 14 23 1 5
1211,charge claimed 5 2 5 40 Up Up 5 80 25 23 2 Mt Mt 23 23 14 25 23 2 5 5 5 Mt Mt 25 26 Mt 18 14 2,brandoncrawford@example.net,491.731.9052,"368 Cruz Drive, South April, PA 07994",2021-11-22,2025-10-29,921.57,41,False,A,3,tour Israeli Union hearing airport representing whatever off understanding process representing confirmed group turn 5 government six 5 2 2 25 5 5 23 5 AFP 26 HIV Mt 5 2 5
1282,5 calling property keep 5 5 HIV Mt 25 2 2 48 5 14 5 40 2 Mt 5 W 5 Mt Mt 40 13 5 5 5 26 1 26 23,joshua27@example.org,001-919-740-7773x5803,"876 Houston Plains Apt. 386, Port Stephaniefort, IA 80831",2023-11-06,2025-07-02,2726.46,35,False,B,7,Sir residents International returned can charged staying including acting that paid at operating working 5 5 5 1 40 2 1 2 15 5 2 48 25 5 25 23 15 1
1289,playing world 5 As 5 5 13 40 Mt 25 2 5 15 23 25 2 5 UN 23 23 5 2 Mt 5 5 23 13 5 40 5 2 26,christina43@example.org,580.884.1855x47529,"98709 Padilla Via, Edwardsland, HI 39109",2021-07-27,2025-07-02,2007.03,20,False,B,3,long have rather served incident later responsible confidence representation then assisting whatever infected information commander try Qaeda 5 Mt 5 80 40 48 25 23 2 18 1 26 5 48 5
1189,Earlier forecast 5 5 23 5 5 2 W No 23 40 15 48 Mt No Mt 26 5 5 48 Mt 5 25 18 5 1 5 2 Mt 5 Mt,thompsonbarbara@example.net,001-342-649-3922,"USS Arellano, FPO AA 03673",2022-05-07,2025-05-09,2993.76,1,False,A,9,starting assisting everything Detention militants and after later launched commission 5 full 5 launched When 23 As 5 5 5 5 5 As 2 Up 2 13 No 2 23 5
1265,growing canyoning Hewitt Sir 5 23 15 Up 24 5 5 26 5 2 13 Mt 1 23 23 23 48 40 23 If 40 5 Mt SES HIV 1 5 Mt,chapmanlarry@example.org,301-480-2787,"Unit 6008 Box 0661, DPO AA 42290",2025-07-21,2025-05-25,2278.41,5,False,B,7,president The resistance has authorities interest released then commission Hamas that movement Eve Bureau 5 ashes sign 48 2 15 25 Mt 26 W Mt 5 Mt 5 1 25 Mt 5
1449,March us 5 80 80 5 23 Up 26 1 Mt 2 40 2 13 15 2 Mt my 5 W 24 23 40 5 1 26 5 40 23 40 40,kevin44@example.net,+1-477-265-9755x23990,"USS Arellano, FPO AA 03673",2025-01-28,2025-08-01,1127.08,16,False,A,5,annual can at course fighting 5 everything returned starting residents infected wounded event Home Department Arafat 5 2 1 15 1 13 40 80 40 26 23 15 Mt 2 5 5
1355,dozens Matthew cent 80 40 25 13 1 5 5 5 5 5 25 2 5 15 23 25 5 Mt 23 23 5 5 40 23 5 5 23 Mt 5,xcollins@example.com,001-592-739-7330x458,"263 Ashley Bypass Apt. 208, Rodriguezhaven, VT 06517",2023-02-17,2025-02-14,1491.73,39,False,A,1,representing out coach that happened entered related concerned international everything responding reduce Detention fall Queensland peacekeepers 5 No 5 5 26 14 5 W Mt 25 40 2 5 1 Mt 5
1293,disaster forces keep blaze 25 W 5 25 13 25 23 26 23 2 5 2 5 Mt Up 23 24 25 W 24 2 23 5 5 23 24 5 5,perickson@example.net,001-389-348-3730x2773,"549 Wilson Alley, Nicolemouth, PW 48003",2021-02-04,2025-06-17,4251.75,42,False,C,5,operation making ever strikes worst research Authority find understanding resistance responsibility of tour currently understood Tony 5 23 Mt 2 Mt 26 Up 1 26 23 25 No 5 W 23 5
1314,might having break 18 26 23 5 5 2 SES 40 5 23 15 15 13 25 5 25 48 21 5 24 25 Up 23 1 23 25 5 2 5,goldenbrian@example.net,+1-606-382-4241x60219,"24671 Lucas View Apt. 751, Serranochester, VA 24599",2024-02-21,2025-10-15,3454.13,3,False,C,5,expects leaders The several training threatening Another Hamas the bowling stand planning 5 fellow 5 effort go 23 2 23 Mt 23 25 40 2 2 23 25 23 23 13 25
1095,served has If SES 2 25 23 2 5 13 W 40 5 23 48 25 5 2 Mt Mt Mt 5 Mt 5 5 23 5 SES 13 2 25 5,crystal84@example.net,5633620032,"USCGC Bartlett, FPO AA 37263",2022-09-02,2025-09-25,4308.58,20,False,C,8,playing understanding whole north bomber before 5 first her 5 5 5 new event 5 Radio Assa 2 23 5 Up 5 2 UN 48 5 5 18 5 2 14 23
1071,heart went 5 23 2 5 2 23 2 SES 5 25 26 48 HIV 5 Mt As 1 5 40 23 2 5 15 80 5 5 2 23 26 No,andre46@example.net,(723)542-3925,"641 Saunders Meadows Apt. 128, North Joseph, LA 58617",2022-10-02,2025-05-03,742.58,39,False,B,4,released believed anyone understanding responding contested cancer whatever operation in never abuse workers the agreement Assa AFP 5 1 Mt Mt Mt 2 40 1 40 48 23 40 40 1 23
1181,tailenders without 5 40 26 40 2 2 1 Up 25 23 23 5 15 15 150 5 18 2 2 23 23 25 5 Mt Mt 23 15 40 Mt Mt,uburns@example.net,245-219-4200x532,"000 Middleton Expressway Apt. 043, Castanedachester, AS 28493",2021-08-30,2025-04-11,1634.26,9,False,B,7,confirmed 5 offices real and 48 confidence military everything interest delivered leading directors 5 5 clear 5 23 23 Mt 2 2 25 80 2 23 23 Mt 23 5 5 5
1294,Detention decision UN 5 48 Mt 13 5 5 Mt 5 26 18 Mt 80 Mt Mt 40 2 40 Ms 23 40 Mt 25 Ms 5 5 1 2 Up 2,albertlewis@example.net,001-753-610-5300x773,"06120 Ray Orchard Suite 215, New Seanbury, FM 35442",2025-02-19,2025-03-01,2390.6,49,False,C,5,other workers final fighters resistance working operation 5 5 they 5 5 5 25 that Rumsfeld Al 1 25 2 14 23 13 my Mt No 24 24 80 5 5 25
1319,followed too 20 25 23 5 23 48 HIH 5 5 23 Mt 5 HIV 24 Mt Mt 23 5 Mt 24 W 23 23 15 5 18 23 23 5 2,fcook@example.net,(939)708-7881x889,"1562 Luis Island Apt. 357, Arnoldfurt, OR 69535",2023-04-09,2025-09-27,1136.87,49,False,C,2,information my station yesterday operations month ground entered heard followed understanding at everything 5 Middle 5 24 25 48 5 2 2 23 Mt 5 2 Up 23 40 23 26 23
1455,Seles refused Chief UN 23 80 Mt 5 40 80 Mt 40 48 2 5 5 5 5 5 2 5 Mt 2 2 SES W Mt 5 SES 23 48 15,browntiffany@example.com,(723)542-3925,"066 Burns Tunnel Apt. 412, West Andrewburgh, MT 51260",2022-05-27,2025-05-25,3066.8,5,False,A,6,rest 5 remaining everything think city research form burning fighting 14 Seles immediately 5 It Assa Illawarra Mt 48 1 14 2 Mt 2 Mt 48 Mt 5 Mt 25 5 No
1267,to later levels 5 40 25 25 25 5 1 48 26 UN 48 2 26 13 1 40 23 5 Mt 5 Mt Sarah 2 Mt 23 2 5 5 40,cherylvalenzuela@example.com,(683)683-3842x54423,"8087 Phillip Via Apt. 204, Wallborough, SC 37327",2025-08-06,2025-08-04,4391.56,32,False,C,2,understanding militant killing unemployment share assistance staying cancer counts 5 starting great terms 48 23 1 5 5 40 23 13 24 14 SES 5 5 40 15 5 Up 5 Mt
1324,large never life 20 5 14 2 1 Mt 5 Mt 24 25 40 5 26 2 40 25 blaze 15 5 23 5 25 As 5 23 23 23 23 Mt,sarah20@example.com,(642)551-6153,"5732 Maldonado Center, Lake Gailland, MP 31654",2025-08-25,2024-12-10,1895.39,1,False,A,3,understanding whatever confident something understanding doubles firefighters 5 international boy it 5 these 5 chairman edge Virgin 1 15 2 5 W Mt 5 5 Mt 2 40 Mt 24 5 Mt
1083,since locked 5 24 5 25 5 1 W 26 Mt 13 5 23 23 25 5 Mt 2 40 Mt 5 Mt 80 5 1 Mt 5 Mt 25 23 80,douglasolson@example.org,626.691.7056x328,"69766 Nicole Union Suite 410, West Terriburgh, IA 63401",2024-03-20,2025-06-11,3583.54,28,False,B,8,intelligence staying face bombing commission reached New 5 in believe various 5 5 5 5 5 5 2 Mt 25 5 1 24 13 24 23 5 Mt 25 W 23 1
1053,Colin situation personnel W Mt 5 5 Mt 40 13 5 14 W Ms 5 25 5 23 As W 2 Mt 23 80 5 23 1 5 2 25 14 Mt,robertclark@example.org,5633620032,"88530 Rachel Stream Apt. 691, West Arthur, KY 96762",2024-01-12,2025-11-13,4161.43,23,True,C,10,5 soldiers former third think payment having Commissioner station than 5 weather 5 5 until back 5 13 5 26 40 5 Ms 5 1 23 5 As 25 80 26 Mt
1432,beginning opposition network 13 Mt Mt Mt 23 Mt 2 5 25 5 40 Mt AFP Mt 5 2 5 48 W 5 18 Mt Mt 5 5 40 5 23 Mt,derek23@example.org,001-742-265-9827x1368,"48445 Curtis Centers Suite 204, North Sarah, MA 40296",2025-04-10,2025-01-08,2561.82,26,False,B,3,then nothing playing her chance incident operation international knew fast fire continue 5 using forecast News Reserve 5 2 Mt 25 5 1 Mt 25 Mt 5 23 48 23 14 48
1304,measures your 23 15 5 40 25 5 W 2 25 24 5 Mt 25 1 2 5 5 26 1 2 HIV Up 5 blaze Mt Mt 1 1 5 Mt,rileyvictoria@example.net,508.852.4697x63374,"6227 Yang Rue, East Todd, OR 10744",2021-11-17,2025-08-08,4238.34,49,False,C,4,5 concerned positions returned management 5 died responsible commanders strong understanding understanding everything sent metres Philip 13 23 1 2 oil 13 Mt 40 1 5 23 5 24 24 W 23
1173,supporters condition 5 5 2 2 2 5 40 40 5 5 5 5 2 1 5 23 5 25 1 5 If 24 40 Mt 48 25 1 5 5 No,xwright@example.com,523-591-7825x81772,"5384 Miller Wall Apt. 739, South Alicia, LA 16156",2021-11-11,2025-05-01,3439.48,49,False,A,1,in assistance fighting responding receive biggest address sent several making calling assistance connection Detention knowledge 5 5 48 5 23 Mt 5 Mt 15 Mt 25 25 48 5 26 ANZ 2
1499,commander heading ASIO 18 25 5 5 5 SES 5 5 5 HIV Ms 25 26 15 5 18 2 2 Mt 2 Mt 5 2 25 26 Up 2 25 23,donnahicks@example.net,967-938-2442,"6828 Joanna Station, Lake Kyleberg, RI 37902",2022-04-02,2025-05-10,2577.88,15,False,B,1,wounded understanding representing unidentified understanding Melbourne National understanding approached Zealand among future several laws Commonwealth level Kabul 48 23 5 48 25 40 5 Mt W 2 Mt 5 15 5 5
1176,chance coming 2 5 Mt 5 23 2 25 48 80 UN Mt 5 23 1 5 W Mt Mt 80 23 5 40 5 5 25 5 W 5 14 5,barrettallison@example.net,+1-648-274-1103,"PSC 4140, Box 9926, APO AA 64357",2021-07-27,2025-07-19,1526.46,17,False,B,6,east threatening acting her happened more ashes many everything station 5 companies 5 ASIO fall 5 5 2 5 23 5 25 23 1 Mt 5 Mt 5 15 2 23 23
1345,man have 5 5 48 2 48 1 5 15 Mt 2 Mt 5 25 40 5 5 5 23 2 Mt 40 HIV 24 No Mt 5 40 25 5 40,larajennifer@example.net,267.811.6279,"912 Williams Cliffs Suite 775, Johnsonburgh, OK 98918",2024-12-21,2025-03-10,1936.58,40,False,B,1,about incident evidence Wales assistance provide proposed comes staying territories he overnight 5 before 5 fellow 5 5 2 5 23 No SES 23 5 5 40 23 48 Up 5 25
1224,5 less Boxing 5 40 40 40 1 5 15 Mt 5 23 25 2 my 5 26 23 Mt 23 SES W 5 Mt 48 Ms Mt Mt Mt 2 21,joshualewis@example.org,(466)723-1403x496,"047 King Crossroad, South Monica, MS 61912",2024-02-21,2025-10-13,1889.64,47,False,A,9,starting man different days off completed Commission these deaths behind 5 5 5 run reached Qaeda 5 Mt 23 5 23 40 23 5 5 40 5 Mt Mt 1 Mt 40
1169,family immediately 5 5 Mt Up 5 Up 5 1 40 40 1 21 25 5 5 No 5 40 5 Mt 2 Mt Mt 25 80 Mt Mt 24 80 23,kevinjordan@example.org,(316)573-9021x07777,"330 Gates Rue Apt. 232, Martinport, PA 87666",2023-12-20,2025-10-01,3689.56,43,False,A,6,responsibility police assisting Strip later residents nothing weather proposed order lower 15 behind 5 Several activity 5 UN Up 5 HIH 23 13 1 40 No 25 23 5 21 5 24
1000,I getting 5 5 Mt 23 23 5 1 5 5 Mt W 2 Mt 1 2 W 5 Mt 23 5 Mt 40 5 15 23 Mt 48 2 23 5,hferguson@example.net,3799932645,"4330 Walker Overpass, North Jose, LA 19341",2021-07-26,2025-07-11,790.13,20,False,B,5,and nothing industrial act severe gunmen concerned allow financial various 5 canyoning ago 5 5 5 5 24 Mt 5 5 13 2 Up 2 48 26 40 23 2 14 5
1395,supporters women 5 5 Mt 23 5 25 25 25 As 5 HIV 40 18 40 80 5 5 SES 5 2 Mt 5 5 As 15 5 5 25 23 25,williamgraves@example.org,+1-479-381-6889x705,"9712 Heidi Corner, Johnsonmouth, OR 75605",2023-10-10,2025-01-03,2002.8,23,False,A,6,putting cancer service being operation responsible resistance 5 5 5 member think refused assistance conducted three pilot 25 2 25 5 25 Up 23 23 23 Mt 5 Mt AFP 23 Up
1334,contested her 11 40 40 23 80 14 48 15 5 5 Mt 25 Mt 23 48 25 23 2 Mt 150 23 Mt 5 40 Mt 48 Ms 25 21 23,stevenhood@example.net,+1-269-690-3629,"94385 Anderson Creek, Holdenville, SC 62410",2023-10-29,2025-03-11,2354.02,28,False,B,7,ever everything that circumstances if before responding think confidence 5 general 5 injuring 5 5 food Transport 15 2 23 2 5 SES AFP 2 5 2 5 23 5 23 Up
1254,5 sending 80 5 Mt 1 2 5 48 2 23 5 5 25 5 23 5 40 2 40 5 2 2 25 Mt 5 2 2 23 23 2 1,kara99@example.net,454-536-2430x50280,"83943 Hernandez Spring, New Rachel, PR 29711",2023-07-12,2025-09-25,615.59,45,False,C,1,Health whether injuring concerned continuing reached completed expressed bit this 5 Boucher destroyed 5 5 5 5 26 25 15 23 Mt 23 5 40 5 5 25 If 5 24 1
1382,sentence administration Cup 26 5 5 5 23 23 5 Mt 23 1 23 Up 5 5 5 5 Mt Mt 5 Mt Mt 23 15 23 40 23 80 Mt 5,natalie83@example.net,205-653-5738x43955,"078 Petty Flat, Zacharyside, MO 77163",2024-08-07,2025-10-07,2547.15,43,False,B,7,nations here everything 5 president conditions firefighters things there forecast from civilians hearing playing at Radio crisis Mt 5 48 40 2 40 5 Mt 1 24 80 Ms 24 UN No
1372,5 getting Bonn 5 23 Mt Mt 2 23 5 5 5 40 W 13 2 W Mt 25 1 Mt 24 Mt 23 Mt 5 23 40 5 5 23 1,zgonzalez@example.com,+1-355-606-5594,"8943 Gary Island Apt. 302, Burkefurt, CT 56359",2022-01-22,2025-09-23,1991.18,30,False,A,7,responsibility saying event Island bringing later there weather biggest storm they spokesman provisional Russian 5 5 5 40 40 2 2 48 48 25 5 2 5 5 UN 23 5 5
1491,manslaughter returning rule 5 23 Ms 25 80 80 13 5 26 UN 23 5 2 No 25 5 40 Mt 2 1 Mt 2 5 40 2 25 Mt 23 80,kritter@example.com,+1-479-381-6889x705,"62302 Sean Heights, Port Tyler, WV 83170",2021-08-29,2025-06-09,2630.8,49,False,C,1,us where March maintenance management conditions boy seeking be Hollingworth 5 representing injuring read extremists 23 SES 5 5 23 1 5 25 2 25 Mt No 2 Mt Mt 5 40
1217,5 Howard 15 2 2 13 5 Mt Mt Mt 25 5 Mt Mt 5 40 5 Ms 5 23 25 26 1 5 40 15 24 Mt 40 5 5 40,karenhill@example.net,001-894-375-4007x000,"2367 Robert Pine, Richardfort, AL 30623",2022-04-25,2025-09-07,756.67,17,False,B,7,responsibility minister that bomber went massive entered During threatening whatever southern having federal leaving Hospital director Chief 25 5 Mt Mt 80 5 15 Mt Mt Mt Mt 1 5 80 40
1255,clear hearing Michael SES Mt 2 Mt 5 40 40 Mt 26 48 15 1 SES 5 Mt 25 26 Mt 26 23 SES Mt 23 Mt 80 5 Mt AFP 40,zlloyd@example.com,+1-769-594-5094x149,"826 Mathis Mountains, North Frank, MO 67897",2025-08-14,2025-07-13,2284.5,21,False,C,5,understanding placed coming later looking situation her information handed think investigation prevent under 5 half 1999 AFP Up 5 5 26 5 15 Mt Mt Mt 24 Mt 5 Mt 26 1
1272,around everything Suharto Mt 5 80 Up 40 5 Mt 40 15 26 5 5 23 23 5 48 2 40 23 Mt 5 Mt 40 26 5 5 25 5 2,christine44@example.org,+1-700-498-9571x977,"8946 Valentine Square, New Nancy, OH 25783",2022-12-03,2025-06-09,4995.35,33,False,B,9,prepare could continuing everything received gun treated looking there administration being services 5 5 5 5 5 40 40 Mt 1 2 48 40 25 Mt 25 80 23 80 5 12
1213,civilians can Dr Sir Mt Mt 5 Mt 5 23 23 15 23 W 5 23 13 26 Mt 1 5 2 Mt 5 5 Mt 24 40 13 5 No 40,chapmantheresa@example.org,001-249-549-2675x08730,"55484 Todd Pine, Lindaborough, AK 71324",2022-09-02,2025-09-19,1614.99,8,False,C,6,Endeavour handling concerned fair law following helped thought resistance international working everything manslaughter losing She Cup work 23 15 5 1 Mt blaze 26 5 26 5 26 5 2 1 23
1154,12 with 5 5 HIV 1 40 2 Mt Mt 24 5 5 5 2 Mt ANZ 25 15 Mt 23 5 Mt 14 2 5 48 25 2 Mt SES Mt,brandoncrawford@example.net,+1-752-951-0488,"5920 Michael Isle, East Christinehaven, KS 75401",2023-05-12,2025-03-31,2837.4,39,False,C,2,operations assisting after sentence mountains representing president staying operation staying allegations cost parts 5 5 5 Reid Mt 5 25 40 40 15 1 Mt 40 Mt 26 5 13 5 No
1264,gave hearing visit 26 Mt 13 23 23 24 48 5 1 2 23 Up 2 25 2 26 5 2 5 Up UN 23 25 5 5 48 5 2 26,ogilbert@example.net,+1-499-469-9657x89382,"058 Thomas Parkway, New Ryan, MN 68680",2024-01-14,2025-10-04,4152.53,20,False,B,2,threatening that hearing something think conducted official something weeks sides understanding believe allow 5 5 5 2001 No 1 23 Mt my 5 5 Mt W 23 No No 1 W 5
1116,person sending they Fatah 1 5 24 W Mt 5 No 1 23 5 24 25 5 Mt 40 23 40 Mt 5 2 2 1 23 AFP 23 5 26 2,walkerlee@example.org,+1-459-509-0445x794,"7310 Gloria Bridge, East Michaelville, IL 35749",2021-07-31,2025-09-01,2800.02,24,False,C,7,understanding foreign decided understanding continued whatever spokesman operation headed today bring even 5 themselves Sir level laws Ms 2 5 40 Up 2 23 1 40 25 5 Mt 5 5 5
1109,Dr do SES 5 5 13 5 1 1 1 23 5 2 Mt oil 5 5 24 23 23 5 Mt 24 Up 5 25 23 23 15 5 23 40,andrewsmelanie@example.net,001-702-816-9761x5018,"88660 Little Extensions Apt. 503, South Nathanielhaven, AK 25074",2022-06-24,2025-01-06,939.49,26,True,A,6,power condition conditions whatever least reached assistance understanding began 5 halt built space probably 5 5 run 80 2 Mt 24 25 Mt 23 15 23 25 23 5 2 24 15
1024,expressed including break Ms 5 Mt 26 5 Mt 23 1 14 SES 15 5 2 5 2 5 5 1 40 1 Mt 23 23 Mt 5 80 1 40 5,johnsonjulia@example.net,(733)331-2040,"70394 Crystal Motorway, Port Brenda, MT 88487",2023-05-26,2025-05-12,931.67,22,False,B,5,in yesterday this 5 pressure concerned entered responsibility never believe 5 5 5 Laden 5 small gun 23 5 5 5 5 48 25 15 2 W 40 24 Up 5 24
1223,searching disaster six Mt 26 W 25 23 23 25 5 2 5 40 Mt 23 23 HIV 80 18 40 5 80 Mt 80 1 Up 5 Mt 24 23 5,andrewclark@example.org,4716079240,"88487 Amanda Mission Suite 990, Jonesborough, FL 83889",2024-07-11,2025-10-15,1349.55,40,False,C,7,first really throughout resistance continuing there captured be another administration comes planning provisional representation winning soon SES 25 5 40 W 25 2 5 24 48 48 Mt 1 23 2 W
1350,Pakistan include quite No 5 23 5 Mt 5 48 W 14 Mt 5 25 40 25 5 2 5 If 40 Mt 5 5 18 5 Mt 1 W Mt 40,lmcfarland@example.org,597.258.2839,"6799 Davis Bridge, East Amanda, TN 23309",2022-05-28,2025-10-27,4995.35,27,False,C,7,saying seven of services nothing rest suffered representing bombers station enter concerned Commissioner losing Russian risk 12 1 25 5 Mt 40 2 5 2 Up 5 2 5 5 5 23
1119,bringing supporters 5 400 23 2 5 Mt Mt 5 48 23 80 25 Mt 2 40 2 Mt 2 5 15 Mt 23 Mt 1 2 40 18 40 Mt Mt,carrie53@example.net,001-342-649-3922,"258 Guerrero Plaza Suite 837, Taylorbury, OH 27758",2025-06-16,2025-10-04,3875.78,20,True,C,3,long enter custody During television commission called powers January we rejected business Sir told Chief 23 deaths 5 As 5 1 25 25 40 Mt my 5 25 5 23 Mt 23
1186,having bomber she 80 23 Mt 23 Mt Mt Mt 23 40 Mt Mt 5 2 Mt 5 25 Mt 1 Mt 24 SES No 25 23 40 5 40 5 23,blopez@example.net,379-386-1469,"156 Jacob Crossroad Suite 085, East Scott, CT 87835",2022-10-11,2025-11-23,2152.06,29,False,A,7,everything everything acting fighting matter rest confidence commission operating Immigration later resistance worked workers Commonwealth gun January 25 2 Mt 23 5 5 23 Mt 48 5 48 2 5 Mt 23
1294,severe hearing Chief 1 25 48 40 23 5 40 HIV 25 26 Mt 24 5 5 Mt 5 15 Fatah 23 Mt 23 Mt 5 5 5 26 Mt No 2,edward21@example.net,771.496.3232x04491,"134 Gerald Pines, South Philip, OK 15703",2025-01-10,2025-05-13,4925.21,3,False,C,1,threatening southern side central 5 resistance expected assisting continuing following conditions enter workers asked emergency 5 5 5 25 13 40 11 5 2 23 40 Mt 48 40 5 5 5
1211,defence fires 18 5 2 2 2 26 5 5 2 25 23 25 5 1 40 AFP 24 5 5 Mt 5 23 48 5 HIV 48 2 Mt 5 Mt,betty46@example.net,765-929-7352,"USNS Luna, FPO AA 18998",2024-08-06,2025-06-05,22.15,20,False,A,6,disaster charged city to There rather because read knowledge 5 Launceston never any then Americans 5 5 48 Mt Ms 2 40 Mt 24 48 25 40 5 Mt 40 80 1
1293,containment overnight Neil ANZ 80 26 2 80 23 5 Mt 5 80 13 40 Mt 2 26 25 5 2 W 5 5 14 5 23 2 80 26 No 5,scott97@example.org,549-708-6560x23675,"830 Elizabeth Island, Humphreymouth, FL 67306",2024-09-10,2025-10-27,1705.13,29,False,B,6,Unions extremists Western believed another leading She condition 5 representation expressed starting Amin small whatever 5 5 5 48 5 40 26 Mt 5 40 Up 5 5 23 ANZ 23 48
1440,Indonesian died nine W Mt 48 5 5 2 Mt 5 5 25 23 48 1 As 26 5 5 5 1 5 2 5 40 26 1 5 1 5 13,karigarcia@example.org,345.679.7426,"683 Bryan Burgs Apt. 378, Markberg, ND 19584",2023-11-23,2025-05-13,4836.57,18,False,C,10,understanding saying suicide everything Hewitt other prevent fighting after working heading declared other beyond 5 Mt 5 5 13 24 Mt 5 2 Mt 23 23 1 2 W 2 40 5
1219,losing currently 11 5 25 W W 5 2 5 5 23 Mt 40 5 13 1 40 25 23 2 5 5 If 23 W 23 1 23 1 Up 13,mathewssean@example.org,731-326-8436x472,"99870 Robert Motorway Apt. 019, New Donaldstad, MD 98683",2021-02-10,2025-03-17,376.52,16,False,C,9,The recovery republic agreement significant fleeing confident killing hearing know confidence understanding responsibility job 11 5 5 5 48 1 2 40 26 5 Mt 48 23 5 5 Mt 23 Mt
1037,Hollingworth residents 5 5 15 5 48 5 23 5 5 13 Mt 1 14 2 5 23 48 Mt 2 5 5 5 18 23 23 25 5 5 Mt 5,helenmanning@example.com,607-873-7417x52467,"8654 Walker Landing, Judithbury, WA 33253",2021-03-26,2025-02-03,3545.71,24,False,B,8,statement Security intelligence coming land followed statement International understanding civilians fighting 5 All 5 5 On 5 26 5 26 Mt 40 5 5 5 14 SES W 1 25 25 26
1192,training factory 13 80 40 40 23 Mt 1 5 80 1 5 5 5 23 5 Mt 5 5 5 Mt 40 Mt 25 Mt 5 23 2 AFP 15 Mt,nchristian@example.com,8024743257,"95173 Jennifer Plain, Port Karen, MI 54875",2024-04-10,2025-01-29,3382.06,31,False,A,1,small leaving severe while resolution water Gaza even president nothing leader Commissioner early Two Professor air do 1 AFP Mt 2 15 48 14 25 40 1 24 23 26 23 23
1235,residents since 150 25 23 5 23 24 5 48 5 5 1 23 2 Mt Mt 1 Mt 5 2 SES 1 2 5 25 5 48 40 Mt 5 40,rickey24@example.net,(594)224-4812x6550,"44774 Barbara Lodge Apt. 105, Stokesborough, IL 21424",2021-03-07,2024-12-19,4995.35,35,False,C,10,aged severe remaining and Internet entitlements provisional president militia thought containment ASIO 5 how look firm ANZ 2 5 Mt 23 23 5 Mt HIV W 5 Mt 40 Mt 2 On
1258,terrorism battle SES Lee 25 13 2 48 23 5 1 Mt 1 5 23 Mt AFP Mt 23 23 25 14 5 21 5 Mt 23 1 150 25 2 Up,hferguson@example.net,+1-592-661-6097x0765,"50937 Adams Turnpike, Robertsberg, MD 51280",2023-09-01,2025-03-14,1033.15,42,False,B,3,of he administration something believe HIH entered International cannot town United claim 5 think 5 5 5 5 25 W 48 15 5 5 23 5 5 5 Mt 25 Mt 5
1499,done power 5 5 5 25 Mt 5 5 5 15 5 25 5 23 5 UN 15 40 23 23 25 26 No 5 5 2 5 23 23 5 23,gstanton@example.net,001-204-396-0588,"5960 Williams Landing Apt. 029, Powersstad, SD 26747",2021-11-20,2025-11-28,1829.73,36,False,A,9,going everything whatever changed financial job company be understanding Several resolution 5 5 5 5 5 500 5 2 48 40 40 48 Up 5 2 Mt 23 40 5 26 5
1305,begin various Assa 5 5 48 23 1 ANZ 5 80 SES 40 5 2 15 5 5 Mt 25 5 2 1 5 Mt 5 5 5 40 Mt 150 Mt,robertsjustin@example.com,955.611.7427x322,"9771 Callahan Fords Apt. 032, Port Kylefort, SC 56019",2024-09-10,2025-07-24,3491.37,27,False,B,5,winning whatever concerned really after concerned returned residents promised recent your representing commanders everything getting whose 5 5 2 23 2 2 23 25 2 Mt 40 Ms 25 5 25 5
1098,investigating today Andy 150 40 5 5 1 UN 5 23 On 23 Mt 23 23 5 40 25 5 40 Mt 2 13 23 2 23 2 Mt Mt Mt 23,waynewong@example.com,001-753-610-5300x773,"263 Ashley Bypass Apt. 208, Rodriguezhaven, VT 06517",2022-03-25,2025-04-27,3909.78,28,False,B,2,representation capital statement Immigration to northern accept things home 5 resistance 5 5 His 5 5 keep 5 25 26 25 UN 1 5 25 5 As Mt Mt 48 40 14
1437,several commanders 2 AFP 25 13 Mt 5 2 2 1 Ms 5 13 23 5 5 2 Mt 5 15 15 5 If 25 5 48 W 23 Mt Mt 5,angelaanderson@example.org,+1-478-481-1794x674,"132 Jason Tunnel Apt. 599, East Judy, MI 02620",2021-03-06,2025-06-22,921.36,21,False,A,6,5 resistance event review understanding here workers Simon receiving situation 5 5 fighting something new base Jewish 23 5 40 2 21 80 UN Mt Mt 80 13 As 5 5 5
1139,Waugh Ahmed At 5 Mt 25 24 2 2 48 5 24 W No 5 2 Mt 5 5 23 40 48 150 Mt If 2 5 5 5 5 23 Mt,william07@example.net,716.935.4009x6568,"7006 Sarah Hollow, East William, NY 88093",2025-06-25,2025-07-24,2716.16,37,False,B,7,threat not fired anything fired settlement infected putting including landed interest winner good weather research 5 5 80 Mt 23 40 SES 5 Mt ANZ 2 40 40 Mt 5 5 5
1499,director station Adam Up 2 ANZ 23 No 25 Mt 5 Mt 25 Ms 15 my 48 5 5 SES Mt 80 23 1 5 24 2 15 48 40 25 5,rojasjames@example.net,495-269-5514,"3587 Fuller Prairie, Port Christyside, NE 25654",2023-02-15,2025-06-15,2514.11,1,False,C,7,bring residents rejected we than position representation further 5 interest 5 New Defence tennis travel risk civil 5 25 1 5 5 5 5 25 23 As W 26 5 1 5
1283,5 support 5 5 23 1 2 40 Mt 5 15 40 25 2 23 40 25 40 23 5 5 Mt 5 Mt 5 40 13 23 80 23 24 23,deckeranthony@example.com,001-396-443-7185,"91558 Hernandez Camp, Floydborough, RI 38477",2024-07-03,2025-04-03,1460.58,20,False,C,7,yesterday never nothing confidence station home here move understand 5 officials 5 5 5 debt 14 Mt 5 Mt 25 25 23 2 Ms Mt 5 1 5 23 Mt Mt 5
1092,suspected 5 5 23 26 25 48 Mt 23 2 40 5 18 5 23 5 23 Mt 13 Mt 5 Mt 5 23 No 13 23 26 23 26 18 23,gpitts@example.org,975.754.7181,"4967 Gonzalez Camp, Port Theresaburgh, ND 98523",2021-04-24,2025-10-14,4416.61,27,False,B,7,together believed expects staying action commanders provisional delivered first came commander entitlements enter 5 5 Tony 5 Mt UN 40 40 2 48 5 5 48 15 23 5 25 5 1
1284,assisting brought 5 AFP Up 5 5 1 W W 5 40 Mt 5 5 Mt Ms 23 23 Mt Up 5 2 W Mt 23 1 Mt 1 18 23 5,davisalexander@example.org,001-714-380-3736x40523,"04350 John Point, West Amandahaven, AK 60414",2025-12-04,2025-11-17,557.52,21,False,B,5,thought residents Immigration representation at injuring day companies Washington New Earlier York economic 5 5 5 5 13 Mt 5 SES 24 15 2 25 5 5 No 25 40 40 Mt
1410,Peter investigation various Neil 40 Mt 13 23 Mt 2 5 26 80 40 Mt 5 5 5 2 48 2 1 25 40 2 2 26 5 1 5 23 14,richardkrause@example.net,(913)450-6513,"97925 Jenny Wells Suite 400, East Daniel, WV 72121",2022-10-28,2025-09-08,2865.05,24,False,B,4,responsibility starting captain present severe greater allegations starting understanding entered General wounded whether working Afghan Ruddock Matthew 15 26 40 5 40 Mt 1 40 23 23 5 26 14 2 No
1251,time remaining due 5 W 23 40 Mt No 15 25 2 5 23 14 5 23 2 5 25 40 5 5 23 5 1 23 40 13 25 5 5,justin22@example.com,341.525.9910,"7737 Flores Burgs Apt. 750, Port Rebeccachester, TX 69084",2022-08-16,2024-12-21,862.29,46,False,B,2,industrial received entered members resolution killing Immigration though agreed those militants escalating connection hours 5 cabinet Road Mt Mt 5 23 23 1 23 Mt 5 26 23 40 23 Mt 23
1225,walked helicopter Hill Sir Mt 40 15 2 23 5 23 AFP 18 2 Mt 5 40 5 5 23 2 5 40 5 5 23 40 2 Mt 5 Mt 24,joshua27@example.org,+1-588-618-6910x41725,"0739 Shaffer Groves Suite 292, Smithville, CT 90718",2024-11-04,2025-06-10,2057.07,40,False,A,9,everything really not acting with responsibility resolution likely prepare 5 12 5 5 5 given Ariel Doug Mt 150 26 2 No AFP 5 40 Mt 13 Up 2 25 1 25
1162,issued men 5 HIV 23 40 23 5 40 W 5 Mt 25 No 15 25 Mt 1 2 1 5 5 No 23 2 Mt 15 Mt 5 23 5 SES,spadilla@example.com,623-801-6541,"Unit 4870 Box 4053, DPO AE 76037",2023-05-06,2025-03-05,1718.7,35,False,C,1,enter man something Indian should expected forward investigation There members tape prevent 5 5 legal 5 5 48 21 25 23 14 40 5 2 2 Mt As 25 25 23 5
1488,Another wants 5 drug Up 5 5 Mt 5 25 26 48 2 5 25 2 Mt 23 23 25 40 26 5 2 Mt Mt 23 W 15 5 80 5,emalone@example.net,725.245.5012x9006,"21528 Kristy Curve Apt. 514, East Austin, OR 28128",2025-08-25,2024-12-15,3777.11,41,False,B,4,carried including other think run list armed factions around an asked taking representing reached 5 5 5 25 23 40 25 5 25 5 2 2 Mt 25 25 23 2 Mt
1142,whatever received job 1 2 48 13 26 Mt 26 Mt 40 23 No 14 25 5 48 40 Mt 23 5 2 5 As 5 40 Up 5 5 2 5,johnsonjulia@example.net,+1-499-469-9657x89382,"Unit 6793 Box 1198, DPO AP 54272",2022-10-11,2025-08-09,2782.13,23,False,A,3,everything responding understanding then had heart meeting 5 there understand received manslaughter public Krishna 5 5 Up Mt W 25 40 5 1 5 Up 23 Ms 2 2 Mt 48 2
1476,under Anglican 5 80 2 15 80 23 40 13 15 Mt 1 23 23 25 5 Mt Mt 2 Mt 23 Mt W 2 Mt 5 18 25 5 AFP 40,chelsey42@example.com,3504214864,"042 Christopher Locks, Bruceport, MD 02360",2022-06-24,2025-07-04,3481.41,17,False,B,7,sentence Australians although including power responding years near whether unidentified 5 5 down what 5 late Glenn 2 23 2 5 26 2 24 24 23 W SES 23 Mt Ms 5
1112,Sharon working 5 1 5 2 5 my 5 2 Mt 23 48 1 5 Mt 24 Mt 40 48 24 1 40 23 80 23 5 5 40 5 5 5,lloydteresa@example.com,001-204-396-0588,"004 Michael Harbor Apt. 514, Andersontown, AZ 34370",2023-04-11,2025-11-19,3994.29,49,False,B,2,military general running investigation former of representing understand 5 responding 5 concerned settlement allegations reach flight 5 14 5 5 40 5 48 40 If 5 2 Mt 23 5 5 40
1236,after Another fact oil 1 25 40 HIV 5 2 5 23 W 5 48 13 23 26 Mt 23 40 No Mt Up 1 15 5 2 23 5 1 23,christyscott@example.org,(939)708-7881x889,"32532 Jasmine Views, Cynthiashire, SC 06505",2023-11-30,2025-12-07,22.15,49,True,C,5,whether whether everything started explanation Another lower International everything 5 5 now insurance Friedli Seven 5 5 5 Mt 26 2 AFP 48 23 5 5 25 Mt 25 15 23 5
1211,5 least 5 25 2 Mt 40 5 Mt Mt 5 24 2 18 5 1 5 5 40 Up 2 2 25 Mt Mt 40 23 5 1 5 5 SES,karen80@example.com,+1-588-618-6910x41725,"18218 Shelley Orchard Apt. 862, Port Seanbury, OH 70790",2025-09-28,2025-07-02,1016.38,31,False,A,6,understanding whatever After Western greater before changed women president weather chance entered long place 2002 5 5 5 23 Mt 23 5 5 2 25 Mt 5 26 W 23 5 25
1348,operations going victory Assa 2 5 5 Mt 1 5 Mt AFP 40 As ANZ 48 5 2 1 15 Mt 23 5 Mt 5 1 23 40 5 5 13 2,jennifermiller@example.org,(952)590-1774,"7187 Jacob Expressway, New Eugeneview, IL 13136",2023-11-28,2025-11-13,3426.68,20,False,B,8,showed man believes resistance east apparently National can later searching There move son something by Islands 5 5 5 SES 23 48 5 Mt 5 2 24 1 18 5 25 5
1130,hospital later 5 5 Mt 5 5 40 AFP 25 2 Mt Mt 14 Mt 15 Ms 14 1 18 15 25 26 13 5 80 2 Mt 23 5 23 5,jesus55@example.net,(518)431-5327,"48392 Butler Knoll Apt. 905, Brandtburgh, ME 64686",2025-12-06,2025-02-26,247.41,10,False,B,5,worked secret what Energy resistance tour operation But bombers policy gas after much 24 counts fighters Adam 25 5 48 5 23 Mt 5 Mt 5 23 2 40 Up 2 Mt
1362,assisting according farm 21 48 2 40 14 23 48 Mt 26 13 Mt 5 15 23 5 Mt 26 Mt 5 2 Mt 1 5 15 5 2 5 SES 5,tammyvargas@example.com,(700)999-1429x4478,"0853 Moore Route Suite 983, Amberland, HI 10498",2024-05-13,2025-11-06,22.15,23,False,C,1,interest day then happened think confidence Hill those following Mt 5 though commanders concerned calling high 2001 23 5 1 1 Mt 1 23 2 Mt 23 Mt 20 2 23 Mt
1131,serious commanders 18 5 5 23 25 5 2 5 2 2 5 5 5 5 5 48 2 5 2 2 5 Mt W 1 48 26 1 23 25,ddunn@example.org,001-666-365-3818x70977,"147 Michael Plaza, West Caitlinport, NE 99892",2024-03-12,2025-08-07,1422.87,36,False,B,2,changed coming information become member head while position resolution they do present give 23 5 5 5 5 5 Mt 15 25 No 40 25 23 5 40 Mt 24 5 23
1195,received members A 24 No 5 Mt 26 25 23 5 5 5 5 5 23 23 Mt HIV 1 15 48 13 2 5 5 2 5 1 40 5 40,michael33@example.net,438-559-6109,"066 Burns Tunnel Apt. 412, West Andrewburgh, MT 51260",2023-11-19,2025-10-04,292.61,2,False,B,9,not resolution increased need greater overall Workers these doubt 5 he Pakistan 5 Owen things six Up 48 Mt 5 5 2 5 5 2 13 5 23 1 5 25 SES
1182,worked how HIH 5 5 5 80 40 1 5 15 23 AFP 1 23 Mt W 1 23 5 25 blaze Mt Mt 23 5 5 25 40 24 2 25,gaysara@example.com,(495)852-7588,"66640 Carrie Extensions, North Jillian, KS 22906",2021-12-17,2024-12-26,3316.24,1,False,A,9,them staying international released information after Industrial refused captured received something nothing interest might resistance hotel Mohammed 2 5 5 23 If Mt 1 run 25 23 Mt 5 40 25 5
1067,manslaughter current army 5 2 5 14 23 25 2 5 13 No 23 Mt 5 Up 5 48 2 If 23 24 23 40 40 As Up 5 23 2 23,garzasusan@example.com,(415)563-8939,"1655 Lucero Knoll, Jordanshire, MT 90917",2021-06-29,2025-04-16,1891.55,33,False,C,6,Lording whatever action earlier commanders captured Palestinian 5 hearing damaged former 5 5 5 5 5 5 SES 25 2 5 23 5 15 40 5 5 1 5 25 23 80
1349,News rest are 23 25 W 23 5 15 5 5 5 1 drug 5 40 26 2 80 40 23 15 48 24 40 23 18 2 18 40 2 Mt,goldenbrian@example.net,593-936-2237,"769 Edward Well, South Denise, VI 72466",2022-02-24,2025-11-05,22.15,41,False,C,7,former responsibility killing will militant representing international really everything conditions Pakistan supporters peace high half 21 5 Mt Up Mt 23 24 5 25 Mt 5 5 80 5 5 25 80
1309,violence Relations 5 5 15 5 2 Mt 25 25 5 40 Mt 5 40 5 23 5 2 48 5 At 15 80 1 25 Up 40 Mt 1 5 1,angelaanderson@example.org,(562)976-1354,"379 Rose Hill Apt. 269, East Kenneth, FL 90292",2021-09-08,2025-01-22,3464.83,47,False,C,6,landed later enter residents everything understand unidentified factions assistance calling completed later completed including never Zinni swept W 5 23 23 2 Mt 23 40 5 Mt 5 UN 26 Mt Mt
1332,seeking commander 5 23 80 5 23 48 25 5 5 Mt 5 40 5 1 5 23 Mt Mt 40 Mt 26 14 23 If HIV 48 2 24 48 Mt,fullerkelly@example.net,+1-498-503-8130x2568,"7006 Sarah Hollow, East William, NY 88093",2024-09-27,2025-06-01,3182.93,28,False,A,1,receiving Anglican so W themselves ever remaining everything Nations conditions training officers firm few try Ford get Mt 5 14 26 18 drug 2 40 5 23 21 26 5 UN 5
1301,provisional findings old AFP 1 26 24 5 Mt 150 Mt Mt 26 80 26 1 48 48 Mt 24 5 Mt 40 2 5 5 5 2 Mt 15 24 5,zmartin@example.com,(254)202-5856x399,"7242 Owens Walk Apt. 429, New Bethanymouth, OR 52828",2021-03-26,2025-02-27,3676.54,12,True,A,1,while understanding understanding and people authority fighter including allowed chance entered Health agreement case longer 5 5 Mt my 25 23 23 15 Mt 25 5 2 5 48 23 Mt 5
1037,Swiss 5 boy gun Ms W 5 Mt No 5 14 13 Mt 5 23 5 2 5 Mt Mt No 23 25 5 23 Mt 5 5 23 5 48 23,fhull@example.net,001-452-736-1026x33769,"701 Brown Burg, Matthewton, VT 44139",2023-04-25,2025-07-02,2257.81,25,False,B,8,nothing should getting understanding everything Parliament not enter the of go 5 5 save 5 5 meet 24 25 13 5 18 5 2 5 2 5 14 Mt 23 5 2
1454,interest Kandahar troops 25 40 26 No 23 5 23 5 No 26 2 HIV 5 25 40 40 2 Mt 25 23 25 23 HIV 5 40 Mt Mt 25 15,joshua75@example.net,943.739.7792,"47146 Jackson Road, New Antonio, VA 36217",2020-12-21,2025-09-19,3532.92,18,False,B,1,year positions police carried to about her After receiving should there 5 5 5 5 5 Illawarra 25 23 2 2 23 23 25 24 1 40 24 25 Mt 5 2
1258,greatest we 5 1 Mt 23 Mt 80 23 26 80 80 1 5 W Mt 26 23 1 26 5 2 Mt Ms 23 25 Mt 5 18 Up 5 W,jason94@example.org,(594)224-4812x6550,"5849 Caleb Points Suite 201, Martinshire, CT 23779",2025-08-30,2025-10-31,4995.35,48,True,B,3,can fighting responsibility main workers union carrying reached according 5 think 5 reject keep wave risk huge Up 13 15 40 5 Mt 26 5 2 Mt 15 5 5 5 25
1237,enter inquiry due 5 2 5 Mt 5 W Up Mt Up 26 25 25 25 2 48 5 25 Mt 15 40 Mt 26 23 W 5 5 23 2 5,fullerkelly@example.net,001-781-225-1495x80878,"5960 Williams Landing Apt. 029, Powersstad, SD 26747",2020-12-21,2025-08-04,2328.62,25,False,C,1,held later administration United hearing Palestinians ensure have 5 5 5 5 5 5 5 5 HIV 80 5 Mt 5 2 5 HIV 5 80 23 5 23 2 40 2
1303,agreed starting 5 5 1 14 25 23 5 23 5 2 26 25 Mt Mt Mt 2 1 As 2 1 Mt 5 40 25 80 26 5 48 5 23,pconley@example.net,523-591-7825x81772,"67309 Estrada Crossing, South Jamesshire, NM 87284",2024-11-04,2025-11-16,1810.52,30,False,C,10,revealed heading returning Nations overnight Western going this authority of if 5 Perth 21 5 5 5 15 26 23 2 25 25 2 48 HIV 18 23 2 Mt W 25
1499,government without 5 15 80 40 5 Mt 25 Mt 2 5 5 2 26 13 Mt 40 25 5 No 2 40 23 23 5 Mt 80 5 25 5 1,walkerlee@example.org,+1-606-382-4241x60219,"PSC 2019, Box 6589, APO AP 01934",2023-10-22,2025-03-10,2123.26,24,False,C,2,everything resistance remain helicopter severe would concerned station have representation information nine comes leaving threatening 40 2001 1 80 23 80 Mt 23 23 On 2 40 5 2 5 5 Mt
1344,from concern 5 40 80 26 26 23 SES Mt 5 AFP 48 2 Mt 48 25 Mt 150 5 5 Mt my 23 24 14 my 5 23 UN Mt 24,johnsoncory@example.com,001-426-302-4428,"89602 Cardenas Shoals, Jeanmouth, FM 68238",2023-03-07,2025-08-09,1161.19,13,False,B,10,including other nothing wounded industrial manslaughter everything ever entered responsibility 5 bowling media eventually 5 House Ricky 1 23 Mt 48 1 40 5 Mt Mt 80 23 24 No 80 23
1197,released following survey Ms 23 40 5 Ms 48 5 25 Mt 5 5 UN 40 5 5 1 As 23 40 5 15 5 23 25 23 25 5 Mt 48,itorres@example.com,623.894.5181,"44774 Barbara Lodge Apt. 105, Stokesborough, IL 21424",2021-06-18,2025-05-26,3928.02,22,False,A,6,headed Senator ever working police going remaining Opposition station they enter 5 than 5 drop 5 civil Mt Mt 40 26 40 2 UN 25 W 23 Mt 5 40 5 15
1154,resistance others 20 13 1 5 25 Mt 5 2 23 5 Mt 40 Mt 25 2 W 1 5 No 24 2 5 5 2 24 Mt 13 40 25 Up,dakota12@example.net,899.370.7489x9115,"5422 April Curve, Moralesland, KS 96088",2024-05-20,2025-07-17,4835.85,49,False,C,4,Detention there concerned to even calling later community Unions 5 earlier soldiers they 5 technology four On 80 48 5 If Mt 5 13 Mt 21 5 1 5 40 13 23
1076,manslaughter tensions 5 5 5 5 As 5 23 25 20 25 80 13 40 5 5 5 2 Mt 2 48 23 W 5 2 23 5 5 40 1 Mt,awhite@example.org,+1-414-979-1844,"0002 Smith Tunnel Apt. 261, Robinmouth, WY 86246",2021-11-21,2025-08-06,1967.3,33,False,A,3,land former returning 5 whatever representing nothing key federal be thought at tennis since Yallourn jail Hobart 23 1 48 23 5 Mt 5 2 5 40 26 5 2 5 23
1125,playing threatening tree Ms Mt 24 26 1 5 26 23 25 2 23 2 80 13 Mt Mt 5 5 1 80 23 80 Up 5 5 Mt Mt 23 Mt,helenmanning@example.com,001-397-499-2494x4918,"3007 Susan Plaza Suite 260, Port Karenberg, DC 28247",2023-03-18,2025-06-22,3501.63,18,True,A,5,claims calling administration morning through understanding blasted including individuals better 5 lack 20 follow 5 5 5 Mt 26 2 24 AFP 1 5 40 40 25 2 2 23 5 5
1173,ruled wall 20 5 5 23 Mt 23 5 5 25 1 1 40 23 Mt 80 26 25 2 13 26 2 5 23 5 40 5 23 2 23 5,jthomas@example.net,245-219-4200x532,"027 Michael Skyway Apt. 941, South Michael, TN 30214",2025-02-19,2025-10-13,4181.08,32,False,A,4,those surrender finding chance incident 5 whatever their water 5 anything British seen 5 No 5 UN 40 13 25 23 Ms 1 5 Mt 1 24 23 40 80 25 23
1296,have later jail Nauru 5 25 2 No Mt 5 5 2 5 5 26 80 15 14 Mt 80 UN 26 5 Mt 23 5 15 Mt 15 40 5 5,jason37@example.org,875-674-2673,"1951 Henderson Mountain, Tamarafurt, NJ 49566",2022-02-17,2025-12-03,2775.44,4,False,A,5,Zealand statement acting nothing understanding recent at who taking Australia provide 5 Al 5 5 5 5 Mt 2 24 Mt 14 Mt 48 40 5 5 26 5 23 5 my
1354,seemed December March Up W 23 5 5 5 Mt 25 5 25 2 Up 48 24 2 UN 2 5 25 25 2 Mt 40 5 5 2 2 2 Up,ijacobs@example.net,(722)467-1374x6231,"46897 Smith Coves Suite 212, Port Kelly, PA 82831",2021-09-08,2025-06-04,1826.22,35,True,B,9,interest ever helped ever these greatest resolution for charged one including town rule working whether tape gun 25 Mt 48 5 1 5 23 23 23 80 40 5 5 23 48
1270,southern positions 14 W No 5 23 5 40 Mt 23 5 24 5 80 Mt 40 2 2 5 1 5 40 25 40 26 2 23 5 80 23 5,edward21@example.net,9356255433,"101 Hawkins Spring Apt. 981, Mcgeehaven, WA 56811",2022-05-16,2025-04-29,2791.35,41,True,B,3,Detention still ever handling future this responsibility expected nothing he 5 post 5 5 5 5 5 1 23 Mt No Mt 25 Mt 1 1 40 No 5 1 Up 48
1127,really court 5 5 23 5 23 23 14 23 2 48 Up Mt 1 1 5 blaze AFP 5 5 5 26 40 2 5 Up 2 40 Mt 5 25,fhull@example.net,5633620032,"1653 Parrish Lane, Lake Margaret, VA 46005",2022-04-29,2025-01-18,865.8,26,False,A,3,5 5 same failed allegations whether last department at think champion 5 5 5 5 2 ASIO 5 2 Mt 12 23 5 2 25 Mt 25 Mt Mt 2 23 5
1418,options look 5 Mt 2 26 Mt 1 5 14 2 5 2 2 5 40 1 Mt run 2 13 40 40 5 5 2 23 25 Mt 40 25 W,emalone@example.net,(813)922-5841x81909,"005 Lucas Island Apt. 152, Watkinsmouth, VI 66144",2021-06-06,2025-05-30,200.85,49,False,B,8,days statement whatever killing decided reach event Internet volunteers in Assa initial latest Territory evidence open 5 Mt W 25 23 2 2 5 5 23 2 5 40 2 23 48
1206,Laden Washington 5 23 13 15 5 2 drug 5 5 2 Mt Mt 5 2 23 5 5 SES 5 40 40 13 5 As 23 Mt 5 Mt 40 Mt,ymcdonald@example.com,(645)339-9007x842,"769 Edward Well, South Denise, VI 72466",2025-09-18,2025-01-04,22.15,43,False,A,7,place acting representation enter later understanding Test that five with wanted prevent following make department fear 5 AFP 40 Up 1 Mt Mt 2 23 1 15 HIV 18 2 13 2
1071,Sunday finding 2002 40 5 40 As Up W 25 Up 23 40 5 Mt 5 40 23 1 26 23 Mt Mt 5 5 UN 5 25 Up 24 5 2,troybrooks@example.org,792.877.9791,"9090 Riley Drives Suite 425, South Amanda, CT 74976",2024-03-12,2025-05-09,1449.68,33,True,A,6,killing threatened understanding Palestinians themselves other million allegations that Hollingworth rest 5 Day Glenn 5 No 5 48 40 Mt 40 Mt 5 23 Mt 1 1 23 1 5 Ms 23
1331,Some canyoning 5 5 23 5 40 2 23 5 23 40 40 As 5 5 1 5 25 5 26 23 5 26 Mt 5 80 2 24 23 Mt 48,dixonkaren@example.org,226-792-2384,"0341 Payne Extensions, Lake William, MI 45401",2024-03-05,2025-01-25,3119.96,17,False,B,2,threatening chance thought everything enter enter representation administration assisting concerned entered enter wanted force 5 house ask 5 5 48 40 25 25 80 15 2 Mt 23 40 40 23 24
1200,following understand Up W 2 23 23 5 40 25 5 Mt 5 2 26 23 15 23 5 40 1 1 26 Mt 48 23 48 5 W 5 Mt 5,hcooper@example.org,808-361-3758x721,"97925 Jenny Wells Suite 400, East Daniel, WV 72121",2024-08-12,2025-10-15,4936.23,29,False,A,6,calling understanding men entered entered main stand representing States killing incident beat greatest 5 worst HIH 5 5 5 2 80 Mt 48 5 5 5 23 13 40 48 13 5
1202,general Yallourn 5 UN 2 2 1 23 5 5 5 Mt 5 No 5 2 Mt Up Mt Mt Mt 23 Mt Mt Mt 25 2 5 40 W 23 Mt,buckleykimberly@example.com,001-982-315-4999,"06120 Ray Orchard Suite 215, New Seanbury, FM 35442",2023-04-25,2025-08-14,1280.3,32,True,A,1,all ever suffered hour still representation forces whatever 5 incident Australians Mayor really 23 5 5 150 Mt 5 W 1 5 5 Fatah 1 Mt drug 2 Up W 5 Mt
1175,president earlier 5 5 2 5 14 80 23 40 5 5 2 40 5 Mt Mt Mt 5 No 5 5 23 5 my Mt 2 23 5 40 5 15,justin94@example.com,001-426-302-4428,"2669 Olivia Fork, North Joshua, AZ 23268",2025-05-20,2025-06-05,2617.04,19,False,C,2,redundancy understanding assisting wounded without representation third brought metres both 2 5 5 from Internet Jenin If 1 24 40 5 25 Mt 14 2 5 5 26 14 5 Mt 1
1222,5 commander 5 5 5 5 Mt 26 23 Mt 5 5 5 Mt Mt 5 Mt 24 5 23 W Mt 5 5 25 5 5 23 No 2 40 2,michelle62@example.com,001-788-402-6208,"60989 Green Ville, Timothytown, VI 60873",2021-05-24,2025-11-09,2730.91,28,False,B,7,using working containment understanding residents away firefighters fighter position jobs 5 5 5 5 5 Bonn jail 80 23 Mt 23 26 UN 5 2 40 5 14 25 26 5 5
1499,5 rest 5 5 40 5 1 5 40 5 2 5 5 18 Mt Mt 2 2 23 Mt SES 40 Up 5 Mt 5 24 2 5 Mt 23 2,jason37@example.org,3147572811,"03067 Hall Point Apt. 963, Nicholsburgh, OH 65392",2024-12-07,2025-10-04,2340.93,1,False,A,5,assisting infected station believe understanding coming court After against representing between accused virus later halt 5 5 5 80 23 5 23 15 5 5 40 23 5 26 5 25 25
1481,offices suspected 5 my 5 Mt Mt 40 5 2 oil 5 5 SES 1 2 UN 24 24 23 48 5 As 5 5 15 2 Mt 25 Mt Mt ANZ,walkerbenjamin@example.com,861-312-8100x62110,"2508 Lam Neck, East Jaime, ND 27194",2023-01-28,2025-10-28,1388.05,16,False,B,8,nothing international evidence including later UN Washington resistance under station including nations detainees other 5 Gary vote 5 2 Up 25 5 5 Mt 25 5 Mt 23 25 23 Mt 2
1131,shortly 40 5 5 40 26 Up 15 15 1 5 1 24 40 2 2 2 Mt 5 Mt 2 25 Up Mt 40 26 5 5 80 2 15 Mt,ashort@example.com,001-204-396-0588,"8099 Adam Mountain Suite 555, West Josephstad, NJ 00986",2022-02-06,2025-05-30,1489.86,1,False,A,6,sentence clearly whatever whatever were matter between threatening soldiers in 5 but maintenance Hewitt media Mt keep 25 Mt Mt 1 5 25 2 23 23 23 5 23 5 2 5
1177,entered at Two 5 80 15 5 5 1 48 40 40 Mt 5 Up 14 5 No 1 Mt Mt 40 48 Mt 13 48 HIV 1 23 23 2 23,elizabethpierce@example.org,796.801.0348,"3720 Chapman Shores, West Stephaniebury, MA 22671",2022-07-31,2025-05-20,3358.61,19,False,A,2,5 condition police approached them confidence understanding representing resolution whereabouts concerned representation do 5 5 5 5 25 48 Mt AFP 23 5 Mt 23 5 5 SES 14 13 5 26
1000,retired 5 prior ANZ 40 23 5 Mt 5 15 14 5 25 2 48 Mt 2 As 40 Mt 1 5 40 40 14 SES 5 23 1 2 Mt 80,victoria05@example.com,330.848.4147x708,"15715 Martin Extensions, Port Lori, VI 07657",2022-10-03,2025-01-23,2750.34,49,False,B,10,representation latest ever and remaining fighting reject recorded give hoping condition 5 5 5 5 due 5 23 Mt 5 5 Mt 5 40 23 5 5 Mt 23 Mt Mt 1
1410,international France 5 5 blaze 2 W 26 25 5 Mt 40 W No 40 Mt 2 40 2 23 20 2 23 23 2 25 5 5 23 5 40 1,randallkrystal@example.net,001-488-810-7233x658,"5422 April Curve, Moralesland, KS 96088",2023-11-30,2025-05-04,2107.87,34,False,B,1,chance believe strikes must Local respond understanding understanding Washington yesterday ever understanding reached president airport approach 5 40 5 AFP 2 1 40 Mt 80 48 5 48 25 25 40 23
1172,workers republic W ASIO 5 25 2 5 5 25 2 If Up Mt 25 Mt 2 25 5 10 5 23 Mt 15 48 2 5 Ms 2 2 Mt Mt,megansilva@example.net,865-566-3877,"6829 Roach Shoals Apt. 756, East Susanshire, MT 31526",2021-06-30,2025-03-24,2345.52,26,False,A,5,Another returning starting searching reports severe concerned representing agency reports celebrations felt 5 5 5 5 5 48 26 AFP 2 5 25 18 23 23 No 5 2 Mt 48 2
1211,rival conditions 5 23 1 1 23 Mt 25 5 23 5 2 23 14 Mt 5 2 Up 1 W 2 5 Mt 25 Mt 25 26 5 26 1 5,michael33@example.net,300.460.3212x3837,"99870 Robert Motorway Apt. 019, New Donaldstad, MD 98683",2021-06-10,2025-09-21,575.8,11,False,B,6,captured After international contested still resistance and handed understanding Melbourne enter Muslim hearing 5 5 5 5 Mt 15 15 5 5 2 5 2 Mt 23 2 5 Mt 5 5
1247,police ever far 13 5 AFP 5 2 15 40 5 2 5 80 Mt 40 2 5 26 Mt Mt Mt 23 2 5 26 23 5 5 Up 5 Ms,padillalaura@example.org,252-409-0532x648,"PSC 3421, Box 6604, APO AA 07023",2023-09-03,2025-10-23,4572.31,32,False,C,7,ministers After before administration is enter but international now this 5 Daryl tape left News 5 5 25 5 W 23 40 Mt 23 23 23 13 Mt Mt 150 Mt 23
1269,International saying 5 40 26 5 14 5 80 13 25 25 Mt 23 5 1 Mt oil Mt 25 1 2 24 5 23 2 2 5 2 40 Mt 40,garzasusan@example.com,727-948-5546,"PSC 0410, Box 7864, APO AE 18120",2022-11-29,2025-05-05,2482.61,36,False,B,10,Western statement because handling yet remaining severe south first public powers those 5 No 5 5 5 23 25 40 SES 25 15 5 Ms 5 Mt Mt 2 40 25 5
1166,ever planning race 150 SES 23 40 Mt 21 40 W 23 5 5 5 Mt 15 23 23 15 Mt 25 2 Mt 23 23 23 14 5 23 21 Mt,bharris@example.org,593-936-2237,"17189 Julie Highway, Jefferyside, MN 77620",2024-12-07,2025-06-13,1167.11,33,False,C,3,saying prevent incident still heading response increased confirm placed during department 5 5 5 5 15 St 2 5 23 5 23 14 5 23 40 40 On 2 5 1 23
1174,leave Pakistani Sultan Two 23 23 Mt 2 25 48 5 25 2 2 24 Mt 2 24 25 25 Mt 2 48 5 15 14 Ms 5 On Mt 2 2,sgonzalez@example.org,975.891.7765x82345,"USNV Hawkins, FPO AE 86360",2022-10-23,2025-09-24,3690.72,1,False,A,8,hearing with everything interest real remaining severe open believed assistance found sentence resistance 5 board 25 Mt 23 5 2 SES 25 40 40 Ms 5 If 23 5 5 15 25
1242,here position asylum 48 5 5 5 5 40 25 Mt 5 Up 24 23 1 2 14 5 25 5 2 W 1 48 5 23 Mt Mt 23 1 5,wallacebryan@example.net,706-962-6030x53274,"88530 Rachel Stream Apt. 691, West Arthur, KY 96762",2024-04-22,2025-01-20,4072.9,32,False,A,6,no understanding expected handling whatever that assisting 5 5 5 caused rest retired when Services suggested 5 SES 5 No 1 5 18 48 15 23 26 5 25 5 24 80
1168,traditional contested As 13 2 As 25 26 1 AFP 5 Mt 25 1 2 No Mt 14 Mt 5 5 23 2 5 1 24 Mt Mt 5 Mt 48 1,david41@example.com,001-982-315-4999,"USNS Bartlett, FPO AP 65936",2021-11-06,2025-10-29,2443.53,31,False,B,3,everything expected threat fighter other following receiving do entered more receiving believe India 5 school 5 5 40 5 25 15 2 Mt 23 23 5 1 23 5 5 5 23
1047,elected starting due Al 25 40 25 24 Up Mt 13 my 40 2 AFP Up 5 5 1 Mt 5 25 Mt 26 5 23 14 SES 2 5 2 SES,marshalldavid@example.com,583-983-9873,"4414 Dawn Landing, Adamland, PA 64901",2024-04-01,2025-07-14,3325.54,3,False,B,6,anything 5 leaving chance resistance National contested hard understanding 5 options 5 5 5 suspect weather swept 5 Up 80 5 80 24 25 5 26 40 5 5 13 Mt 2
1279,holding representing 5 5 Mt 14 24 Up 2 1 Mt HIV SES 5 5 W 23 2 40 5 26 25 2 23 5 Mt 5 5 1 If 5 26,morgan47@example.com,240-558-6689,"643 Moran Vista Suite 288, Georgeville, PA 41911",2023-10-01,2025-09-29,791.99,5,False,C,5,southern after situation understanding wounded important reported An injuring placed separate 5 5 5 5 5 150 5 5 5 Mt 25 21 23 40 my 25 5 23 5 1 23
1130,seeking fighting 5 13 HIV 5 2 25 2 5 15 2 5 2 Mt Mt 5 26 2 26 5 25 Up Mt Mt Mt 23 Mt 24 40 40 HIV,jthomas@example.net,(890)323-2541x53153,"176 Camacho Drive, West Patrickport, IN 93989",2025-10-03,2025-05-26,1365.25,9,False,C,5,office everything several Western staying International 5 chance Federal but enter Australian understood Pakistan costs 5 Nauru 26 Mt 13 5 25 80 W 2 No 13 Mt 2 26 13 80
1250,interim involved Nablus 5 2 25 5 Mt 14 25 23 5 5 18 25 2 23 40 25 1 W 5 1 Up Mt HIV 5 Mt 5 23 5 40,tina79@example.net,799.847.8362x4639,"PSC 3652, Box 1104, APO AP 64892",2022-01-22,2025-06-28,3169.02,14,False,C,7,everything read fighting remaining official not understanding commander remaining Another militant like services holding 5 safety 5 26 Up 15 1 As 1 40 24 Mt 48 23 40 26 80 5
1245,other offer us 40 40 If 1 40 25 ANZ 40 48 5 15 80 48 23 AFP Mt 5 5 5 13 5 W 15 HIV 5 5 Mt 5 15,ana97@example.net,001-578-264-9150x4351,"132 Jason Tunnel Apt. 599, East Judy, MI 02620",2025-04-02,2025-08-02,2343.32,35,False,B,6,confirm started world 5 representing to child 23 reach be November 5 you manslaughter Indian sex shuttle ANZ 80 2 15 40 Mt HIV 40 1 23 2 25 5 15 If
1139,sources measures 5 5 1 Mt 5 2 5 13 Mt Mt 5 5 Mt Mt 25 Mt 40 No 26 HIV AFP 15 2 1 23 No 23 25 Mt 5,lisabrady@example.net,(820)848-7187,"11786 Brown Lane, West Brendan, TX 59938",2024-09-18,2025-07-17,2769.06,31,False,B,9,connection 5 flight welcomed rejected areas first everything whatever taken and action we American final far 5 25 Mt SES 23 23 2 Mt 23 Mt 25 Mt 5 14 23 Mt
1445,administration recorded 5 Mt Mt Mt 5 80 W 25 5 2 23 No 5 5 25 Mt 23 23 5 13 25 25 15 40 18 2 5 40 5 23,garzasusan@example.com,743.542.1688x5695,"683 Bryan Burgs Apt. 378, Markberg, ND 19584",2024-11-22,2025-06-21,2210.02,41,False,A,5,short statement should and investigation calling threatened responsibility believe tourists Tasmania searching told gun Day Kabul Ms 23 5 5 15 24 40 5 5 25 40 W 23 5 2 1
1176,Solomon others six 5 5 2 5 2 25 2 40 5 23 40 15 40 13 Ms 23 5 2 24 HIV Mt 1 Up 13 5 40 40 23 1,amber12@example.net,001-714-380-3736x40523,"86299 Hall Parkway Apt. 311, West Michelleville, MD 34692",2022-09-11,2025-10-23,4241.77,22,False,B,1,starting with what that Boxing threatened workers explanation representing in this bomber never event accident 5 5 23 2 5 1 Mt 5 25 5 5 5 Mt 2 SES 23 1
1216,and fighter blaze 10 24 Mt Up Up 48 Ms drug 23 23 48 23 80 2 1 5 5 5 AFP 5 5 AFP 1 5 As 5 Mt 40 Mt,qgreene@example.org,342-607-4531x15426,"627 Richard Park, Michaelchester, AR 12249",2022-09-03,2025-05-09,4410.34,14,False,B,4,whatever everything rest trade called to security everything several into eastern 13 attacks Karzai 5 first States 26 5 150 Mt Mt 23 5 1 40 23 40 5 1 Up 48
1499,field offices 5 5 2 Mt Up 15 5 5 15 40 40 23 23 Mt No 40 40 48 5 Mt 40 If 40 25 1 5 40 26 5 80,christyscott@example.org,(323)425-0649,"73645 Webster Street Suite 798, East Angelside, WV 35422",2022-10-28,2025-02-05,2532.0,29,False,A,7,manslaughter later because rest enter resistance yacht 5 France everything everything 5 like few names envoy 23 23 24 2 5 13 Mt 23 5 25 2 14 26 5 25 Mt
1317,sign 5 Space Ms Mt 40 14 5 5 25 25 15 2 5 5 13 5 Mt 5 15 Mt 5 40 23 Mt 23 15 5 W Mt 25 2,sarah20@example.com,461.332.2462,"52004 Young Shoal Suite 372, Michaelberg, GA 60469",2022-04-24,2025-11-20,3990.78,30,False,C,4,her morning 5 request commission every rather resistance increased throughout first 5 5 5 5 run am 40 1 2 5 23 Mt Mt 2 25 13 23 5 14 25 Mt
1000,intelligence fighting 5 SES Mt 5 23 40 5 14 Mt No 23 5 5 23 5 23 5 2 5 5 40 2 2 Mt 23 5 15 23 40 2,vthomas@example.com,593-936-2237,"USNV Banks, FPO AP 44095",2024-12-29,2025-11-19,3010.86,33,False,B,7,clearly everything led 11 really water confidence acting position expected good 5 ASIO trip swept South Two 23 1 5 25 2 5 Mt 40 23 23 14 80 UN Mt 1
1352,keep infected 5 18 Mt SES Mt 80 Ms W 15 23 5 40 2 1 Mt Up 1 23 Mt 23 18 5 5 1 5 5 2 2 23 5,kristinesnyder@example.net,(240)210-8056x35628,"63056 Waters Crossroad Apt. 706, Stephenport, OH 14761",2025-09-01,2025-05-09,2344.98,18,False,B,8,rest aircraft evidence rest can documents better operating 5 lack there advice 5 5 Two 150 UN 5 25 Mt 5 40 No 2 Mt 2 2 2 40 23 5 24
1337,matter trying York few 25 1 26 13 23 1 14 Mt 2 Mt Mt Mt Up 5 23 48 Mt 40 1 5 26 5 12 23 Mt Mt 26 Mt,melinda89@example.com,646-675-5691x18306,"9712 Heidi Corner, Johnsonmouth, OR 75605",2021-05-19,2025-10-29,2107.12,7,False,A,9,saying come region understanding further then yet Kieren offer charged senior even 5 5 5 13 5 5 40 Mt 23 23 2 40 5 2 1 UN 40 1 5 40
1237,10 presence 5 5 13 23 Mt No 23 25 1 5 5 5 48 24 5 2 5 48 23 Mt 5 Mt If 25 48 5 5 23 Up 5,vthomas@example.com,671-787-6850,"94665 Chambers Rapid, Port Pamela, WA 13576",2023-11-06,2025-10-02,4995.35,40,False,B,5,leading returning confidence being to followed meeting fighting operation following worked warplanes take Muslim 5 5 No 26 23 2 5 5 48 5 As 5 W 80 23 1 Mt 2
1220,pressure Israeli why 5 Mt 23 HIV 24 5 25 Up 2 Mt 25 5 25 5 23 5 23 13 25 5 Up 40 5 25 5 Mt Mt 5 Mt,scottsmith@example.net,(343)888-9481x79211,"16773 Estrada Meadows, Hopkinston, DE 84035",2024-08-27,2025-07-02,3634.22,19,False,A,2,celebrations say though residents residents without calling these reached winning resistance After Justice Cabinet expect clashes Afroz 5 W Mt 24 Mt 2 HIV Mt 80 1 23 80 23 5 40
1203,cancer begin 5 AFP 40 2 Ms 5 40 40 2 blaze Ms 23 2 Mt SES 15 5 Mt 13 40 Mt Mt 40 80 48 13 Up Mt 40 23,patrickwaller@example.net,373-431-7327x1330,"12461 Michael Crest Apt. 138, Bellmouth, IL 22551",2025-08-24,2024-12-09,1480.02,21,False,A,7,detainees staying ever 15 received adding 5 5 5 Lord 5 5 5 gives 5 5 5 5 23 26 5 1 25 5 14 5 26 40 40 2 5 23
1061,power another AFP 23 80 1 40 No 5 5 5 5 40 13 Mt 2 25 23 2 15 40 5 Mt 2 2 26 25 40 40 40 5 21,jalexander@example.com,+1-906-311-2688,"774 Maldonado Causeway Suite 321, West Barbarastad, MA 80535",2023-04-25,2025-06-09,3000.55,22,False,C,6,assistance up fighters everything Commissioner at supporters whatever canyoning after water and responsibility all into 5 UN 2 5 5 40 Mt 2 5 23 Mt 5 23 40 2 5 23
1434,strike played 5 5 5 W 5 48 5 5 2 UN 23 5 5 Mt 14 5 2 23 5 48 5 W 5 Mt 26 2 Mt 25 2 5,johnsoncory@example.com,(416)522-8530x9512,"28523 Joseph Canyon, Marcfort, SC 98278",2024-03-21,2025-07-05,2315.59,44,False,B,4,water containment 5 resistance fired these infected our operation chance Detention Internet industry died use this 5 18 1 5 5 Mt blaze 23 Up Mt 26 Mt W No Mt Mt
1254,reduce land fact 25 No Mt 23 Mt 2 23 24 5 2 Mt 1 5 Ms 25 Mt 5 SES 2 5 40 Mt 5 Mt W 18 5 5 23,ksantos@example.org,964.585.6642,"72075 Joshua Cape Apt. 656, Lake Jessica, TX 46371",2022-11-16,2025-12-03,22.15,21,False,C,7,caused attacks have including understanding everything nothing really Ricky Peter that arrived 5 5 Kandahar Reid 5 26 5 23 23 5 23 26 24 15 Mt 1 25 23 5 1
1158,movement unidentified jobs AFP 5 1 15 25 23 5 Mt 26 80 Mt 1 15 5 SES HIV 5 Mt 40 2 40 23 Mt Mt 40 2 Mt 5 13,brianblanchard@example.org,+1-989-463-8342x9451,"USS Arellano, FPO AA 03673",2021-02-20,2025-11-10,2178.1,23,False,B,10,cost decided containment rest explanation things resistance representing chance 5 insurance 5 5 5 Team 5 5 23 5 23 Mt 1 Mt 23 1 14 5 40 Mt 5 15 As
1260,Secretary wounded 24 Mt 23 23 23 5 5 Mt 40 2 21 Mt 25 2 1 5 25 5 25 5 15 ANZ 5 40 oil 5 40 As 48 5,tracy04@example.org,946-984-4805,"533 Weiss Fort, Port Danny, NE 90407",2024-09-14,2025-06-20,698.01,33,False,B,8,with worked enter Australians statement even speaking begun 5 us countries drug 5 5 playing community ASIO 5 Mt 40 2 25 AFP 25 15 5 Mt Up 2 13 15 5
1139,fighter confident 5 18 23 1 Mt Mt 48 5 40 5 2 40 26 5 Up Mt 26 26 Mt 5 5 5 Mt 13 26 15 Mt Ms 25 Mt,edwardsjon@example.org,+1-511-759-2844,"005 Lucas Island Apt. 152, Watkinsmouth, VI 66144",2025-06-18,2025-07-15,1661.77,44,False,A,9,brought and what heading getting provide expected Alliance then they about whereabouts remaining 5 Lord 5 1 2 5 23 26 40 15 5 5 23 W Mt 23 40 24 1
1197,Matthew whatever 20 AFP 80 SES 5 5 Mt 5 25 2 48 1 Mt Mt 1 5 5 5 Mt 5 15 40 40 23 5 23 5 23 5 5,michaelwatson@example.net,325-867-2164x732,"722 Krause Plain, West Scottview, FL 74666",2022-03-13,2025-09-23,3605.92,41,False,A,4,south last with understanding finding whatever leading Launceston Western Alexander opening authorities final further could 2 Sarah 5 5 14 2 Mt Up 25 5 Mt 2 14 Mt 5 5 26
1499,George airport various 14 Mt 5 5 25 5 23 5 18 UN 5 18 5 23 40 80 HIV Mt 2 1 No 23 26 2 Mt 40 5 25 18,raymondedwards@example.com,719.341.8033x33615,"04350 John Point, West Amandahaven, AK 60414",2021-03-03,2025-10-08,4995.35,27,False,C,3,opening that international actually understand member enter recent crowd action Israelis three 5 Virgin 5 survey 5 2 SES 2 Mt 23 15 5 Mt 2 23 Mt 26 Mt 13 Up
1348,National Alliance 12 5 80 80 Mt SES HIV 25 Mt 5 5 Mt 5 5 Mt 5 Mt Mt 26 23 Mt Mt 5 Mt 40 23 5 2 2 48,rdiaz@example.net,+1-260-969-4202,"491 Laura Lake, Lake Corey, ME 26512",2021-06-05,2025-05-30,1344.81,42,False,C,7,destroyed yesterday 5 disaster there work thought 5 everything 5 Solomon Middle conducted including 5 5 2001 23 5 23 23 Mt SES 26 48 48 5 W 5 Mt 5 Up
1297,Alliance information 5 23 W SES 24 Mt 2 2 40 48 5 2 5 23 No 5 25 23 40 26 25 W Up 5 40 Up 5 AFP Mt 2,phillip39@example.net,4053082469,"3562 Jason Course Apt. 210, Bowmanburgh, MH 78406",2022-01-30,2025-06-22,2133.84,22,False,C,6,office ensure nothing Blue offer connection greatest contested evidence as understand where she firefighters responding 5 23 26 5 5 Mt 23 5 2 2 Up 5 23 25 25 5 5
1000,race later 5 5 23 1 1 5 13 2 2 1 Up 23 24 23 5 Mt 25 23 48 5 5 Mt 14 Mt 24 40 25 80 2 5,fuenteshayley@example.com,+1-931-842-5885x026,"5551 Keith Harbors Apt. 413, New Chadburgh, AS 78401",2024-02-21,2025-05-21,3900.4,32,False,B,10,stand whatever need something can staying Pakistan confidence concerned acting whether at 5 5 1999 Osama 5 23 Mt 5 5 25 Mt 5 Mt 40 5 5 my 2 5 1
1402,provide handling 50 23 25 23 5 15 5 25 Mt 23 Mt 1 5 23 23 Mt 2 23 2 40 Up Mt 23 2 5 23 Mt 23 Mt 2,sylvia80@example.net,768.507.8105x65712,"Unit 9788 Box 9927, DPO AA 74243",2023-09-12,2025-11-02,1817.45,36,False,A,8,international clearly everything what plane residents responsible really manager station commander yesterday also the States heavy 5 23 2 2 40 5 40 5 40 15 40 5 5 Mt Mt As
1004,accident Sarah 5 5 25 23 Mt 2 23 26 23 40 23 5 23 Mt 5 No No No 23 5 Mt 5 23 1 23 If 23 23 14 5,brandonstephenson@example.org,001-500-228-9736x65932,"PSC 8047, Box 3930, APO AP 61698",2024-07-03,2025-05-10,1409.55,30,False,B,3,South After infected her of responsible 5 150 2001 5 5 5 operations rate 5 5 5 40 14 40 HIV 5 48 25 5 Mt 5 2 24 48 5 HIV
1152,bombing matter 13 23 40 SES Mt 26 23 5 23 Mt 26 Up Mt 24 5 5 26 18 26 Mt SES 5 80 23 23 AFP Mt 26 25 2,howardlisa@example.org,743.542.1688x5695,"50457 Cobb Stream Suite 088, Juantown, CT 33691",2022-12-03,2025-06-01,2452.3,22,True,B,10,assisting understand accompanied million nothing criminal different possibility much resume 2002 reports rates Sir fire Radio HIV Mt 5 Mt 5 48 Up 5 40 14 AFP 2 23 14 5 40
1225,violent wanted Osama Ms Mt 26 15 AFP 25 Mt No 40 25 2 5 25 1 2 5 5 Mt 26 1 5 Up Mt 23 23 24 5 5 Ms,richard12@example.org,425-782-5664,"720 Kyle Hill, North Elizabethville, ME 92380",2022-08-12,2025-05-30,4058.71,33,False,A,6,believed Jason son while confident under confidence increased without that 5 able but Ariel show 5 5 5 15 23 Mt W 24 5 5 40 Mt 23 23 23 HIV 5
1150,Whiting offices 5 5 5 Mt 2 40 Mt 2 25 5 5 48 2 5 23 25 Up 25 5 25 24 W W Mt 5 26 Mt 40 23 5,ogilbert@example.net,5633620032,"USCGC Burton, FPO AP 21921",2025-07-13,2025-05-20,2438.35,11,False,C,5,investigation reported understanding delivered would offered unidentified resistance on out who fall industrial 5 5 5 Andy 1 5 5 W 24 5 5 23 2 25 5 5 5 2 Mt
1239,management assistance Dr 24 Mt 5 1 23 2 Mt 2 5 5 25 24 UN 1 23 23 Mt 2 1 15 26 5 Mt 5 80 Mt 5 23 40,lisabrady@example.net,600.543.4836x1477,"473 Davis Freeway, East Lisa, OK 56097",2022-05-27,2025-01-25,2006.7,9,False,A,6,understanding suicide actually times sentence understanding understanding receiving understanding at injuring ministers staying suggested 5 Timor gas 5 48 2 40 23 25 As Mt 15 As 5 23 80 15 1
1039,Indian Saturday 5 5 23 Mt 1 Mt 25 Mt Up 5 40 Mt 40 48 2 23 1 5 SES Mt 5 2 25 5 2 23 2 5 5 5,harperjamie@example.org,(930)561-6393x670,"61536 Jones Green, East Andrea, VI 22288",2025-02-03,2025-01-20,1833.08,25,False,C,8,winning losing international training canyoning Rafter Seven tensions understanding related operating several twice remaining think 48 Mt 14 1 25 W Mt 5 5 23 5 40 2 Mt 48 Mt W
1419,sentence Britain 5 15 Up 2 15 Mt 2 23 Mt Mt 23 25 1 Mt 5 Mt 5 1 26 24 5 1 13 2 5 2 5 15 25 5,ogilbert@example.net,+1-912-946-5268x61469,"Unit 3054 Box 2680, DPO AP 07787",2023-11-17,2025-02-08,22.15,13,False,A,1,saying enough trying understanding ever Seles 5 It staying representation list used executive crew potential 21 5 23 W Mt 23 2 40 5 Mt 24 Mt Mt Mt 23 2 5
1054,entered bombing tree 5 23 2 Mt 5 5 40 Up 1 25 48 Mt 2 No 5 15 Mt 5 5 23 23 Ms 2 48 80 5 HIV 5 25,rileyvictoria@example.net,001-528-828-5671x216,"68066 Summers Wells Apt. 923, Emilyville, FL 87957",2021-09-08,2025-07-02,3000.08,8,False,B,4,service severe entered best played everything 5 brought 5 face Palestinians 5 investigating offer circumstances human gun 5 23 No 5 25 5 2 25 5 1 W Up 1 If 25
1271,Interlaken affected news 5 W 5 80 40 2 48 Mt 40 23 40 23 25 48 5 21 40 5 5 25 5 2 23 1 25 5 40 2 Mt,bmelendez@example.org,(923)894-3764,"PSC 0367, Box 7716, APO AP 48106",2021-02-17,2025-05-23,1580.05,21,False,A,6,efforts fighter department completed to reported chairman pressure 5 them 5 no 5 5 5 5 1 15 14 5 80 23 5 Mt 26 80 HIV No 14 23 14 80
1207,help swept turn 40 5 Mt 1 15 5 25 5 5 Mt 1 2 25 23 2 Mt 24 13 As W 2 1 14 80 2 23 No 1 15,davidanderson@example.net,771.496.3232x04491,"938 Elizabeth Trace Suite 508, Donnaton, NM 45929",2024-02-21,2025-07-02,4869.97,36,False,A,5,hearing station entered Simon rest 2 other incident possible nice past 5 on 5 Friedli 5 Bonn 2 2 25 Mt 5 Up 23 13 HIV Up Mt 5 5 2 No
1149,later call ethnic 13 23 23 5 Mt 5 2 13 26 SES 5 26 5 2 W 40 5 25 26 Mt 25 Up Mt AFP 40 23 Up 40 5,karenadams@example.com,+1-574-926-2731x97456,"13857 Ramirez Lodge Apt. 648, Port Sean, RI 28900",2023-02-17,2025-11-20,2741.88,29,False,B,5,receiving understanding understanding responsible following allegations official Local going Rafter 5 Relations Service recorded rise 5 Mt Mt 1 24 23 Ms 2 1 2 5 Mt 26 5 2 2
1229,station Industrial act 18 25 2 25 5 25 5 48 23 5 18 2 2 80 23 2 5 Mt 1 5 Mt SES 23 5 5 23 5 Mt 25,brianna26@example.com,+1-601-978-1035x51297,"325 James Mountain Suite 514, Jameschester, NE 81395",2025-09-22,2025-07-17,1248.63,19,False,A,8,5 before fighting elected increased station throughout tough Hopman rejected enter advance its 5 5 5 attack 5 13 2 23 23 1 Up 1 2 Mt 2 23 25 5 Mt
1458,many 5 5 40 26 40 23 Mt 23 5 2 26 2 5 2 Mt Up 40 26 40 48 2 1 Mt 26 26 2 SES 40 18 25,helenmanning@example.com,785-263-9500,"35615 Jones Trafficway, Katrinabury, MO 95441",2023-11-23,2025-07-15,1259.76,40,False,A,4,not playing our ever reported in comes threatening reduced 5 explanation these commission 5 case 5 Bonn 40 26 Mt 40 2 15 40 ANZ Mt Mt 2 5 23 25 15
1159,really full HIV W 2 23 40 5 5 Up 18 48 23 UN 23 40 23 1 1 5 Mt Mt Mt 1 5 1 23 48 5 48 Ms 25,brandon00@example.com,718.469.9503x95815,"94997 Anthony Coves, Laurenmouth, MI 97837",2023-09-01,2025-09-06,2047.16,33,False,A,10,adding understand greatest residents entered south 5 Adelaide 5 killed enter Chief form then Authority Hare due 48 23 23 23 25 5 5 25 1 23 40 40 5 5 5
